site,plotid,fuelType,prefire_,postfire_immediate,consumption_immediate
bearmountain,BM1,mass_1hr,0.00882551535499161,0.0147091922583193,-0.00588367690332774
bearmountain,BM1,mass_10hr,0.168912181297521,0.281520302162536,-0.112608120865014
bearmountain,BM1,mass_100hr,0.224047299298904,0.112023649649452,0.112023649649452
bearmountain,BM1,total_fine,0.401784995951417,0.408253144070307,-0.00646814811889007
bearmountain,BM1,total_cwd,0.0596157232352661,0,0.0596157232352661
bearmountain,BM1,total_fuel,0.461400719186683,0.408253144070307,0.053147575116376
bearmountain,BM1,litter_depth_cm,1.875,1.81875,0.0562499999999999
bearmountain,BM1,duff_depth_cm,0.1625,0.25625,-0.09375
bearmountain,BM10,mass_1hr,0.00294183845166387,0.00294183845166387,0
bearmountain,BM10,mass_10hr,0.0563040604325072,0,0.0563040604325072
bearmountain,BM10,mass_100hr,0.112023649649452,0.448094598597808,-0.336070948948356
bearmountain,BM10,total_fine,0.171269548533623,0.451036437049472,-0.279766888515849
bearmountain,BM10,total_cwd,0.643578830380714,0.648382576674464,-0.00480374629375069
bearmountain,BM10,total_fuel,0.814848378914337,1.09941901372394,-0.2845706348096
bearmountain,BM10,litter_depth_cm,1.8125,1.24375,0.56875
bearmountain,BM10,duff_depth_cm,0.3875,0.075,0.3125
bearmountain,BM11,mass_1hr,0.0338311421941345,0.0338311421941345,0
bearmountain,BM11,mass_10hr,0.0563040604325072,0.0844560906487607,-0.0281520302162536
bearmountain,BM11,mass_100hr,0.112023649649452,0.112023649649452,0
bearmountain,BM11,total_fine,0.202158852276094,0.230310882492347,-0.0281520302162536
bearmountain,BM11,total_cwd,0.0832649357583469,0.387379028047339,-0.304114092288992
bearmountain,BM11,total_fuel,0.285423788034441,0.617689910539686,-0.332266122505245
bearmountain,BM11,litter_depth_cm,1.70625,0.76875,0.9375
bearmountain,BM11,duff_depth_cm,0.25625,0.01875,0.2375
bearmountain,BM12,mass_1hr,0.0867842343240841,0.0117673538066555,0.0750168805174287
bearmountain,BM12,mass_10hr,0.422280453243804,0.337824362595043,0.0844560906487608
bearmountain,BM12,mass_100hr,1.12023649649452,0.112023649649452,1.00821284684507
bearmountain,BM12,total_fine,1.62930118406241,0.46161536605115,1.16768581801126
bearmountain,BM12,total_cwd,5.85071663982467,1.22877366734507,4.6219429724796
bearmountain,BM12,total_fuel,7.48001782388708,1.69038903339622,5.78962879049085
bearmountain,BM12,litter_depth_cm,2.125,1.0125,1.1125
bearmountain,BM12,duff_depth_cm,0.81875,0.00625,0.8125
bearmountain,BM13,mass_1hr,0.00735459612915967,0.0117673538066555,-0.0044127576774958
bearmountain,BM13,mass_10hr,0.0844560906487607,0.197064211513775,-0.112608120865014
bearmountain,BM13,mass_100hr,0,0,0
bearmountain,BM13,total_fine,0.0918106867779204,0.208831565320431,-0.11702087854251
bearmountain,BM13,total_cwd,0.426178517343018,0.947939268633487,-0.521760751290469
bearmountain,BM13,total_fuel,0.517989204120938,1.15677083395392,-0.638781629832979
bearmountain,BM13,litter_depth_cm,2.875,0.65,2.225
bearmountain,BM13,duff_depth_cm,0.3875,0.00625,0.38125
bearmountain,BM14,mass_1hr,0.0117673538066555,0.0411857383232942,-0.0294183845166387
bearmountain,BM14,mass_10hr,0.0563040604325072,0.140760151081268,-0.0844560906487607
bearmountain,BM14,mass_100hr,0.112023649649452,0.112023649649452,0
bearmountain,BM14,total_fine,0.180095063888615,0.293969539054014,-0.113874475165399
bearmountain,BM14,total_cwd,0,0.59603405937077,-0.59603405937077
bearmountain,BM14,total_fuel,0.180095063888615,0.890003598424784,-0.709908534536169
bearmountain,BM14,litter_depth_cm,0.4625,0.5875,-0.125
bearmountain,BM14,duff_depth_cm,0.275,0.01875,0.25625
bearmountain,BM15,mass_1hr,0.0279474652908068,0.044127576774958,-0.0161801114841513
bearmountain,BM15,mass_10hr,0.337824362595043,0.422280453243804,-0.0844560906487608
bearmountain,BM15,mass_100hr,0,0.336070948948356,-0.336070948948356
bearmountain,BM15,total_fine,0.36577182788585,0.802478978967118,-0.436707151081268
bearmountain,BM15,total_cwd,0.0596157232352661,0.269995176305172,-0.210379453069906
bearmountain,BM15,total_fuel,0.425387551121116,1.07247415527229,-0.647086604151174
bearmountain,BM15,litter_depth_cm,1.3875,1.06875,0.31875
bearmountain,BM15,duff_depth_cm,0.38125,0.33125,0.05
bearmountain,BM16,mass_1hr,0.0205928691616471,0.0367729806457984,-0.0161801114841513
bearmountain,BM16,mass_10hr,0.563040604325072,0.168912181297521,0.39412842302755
bearmountain,BM16,mass_100hr,0.56011824824726,0.56011824824726,0
bearmountain,BM16,total_fine,1.14375172173398,0.76580341019058,0.377948311543399
bearmountain,BM16,total_cwd,1.03288428386483,0,1.03288428386483
bearmountain,BM16,total_fuel,2.17663600559881,0.76580341019058,1.41083259540823
bearmountain,BM16,litter_depth_cm,4,1.4375,2.5625
bearmountain,BM16,duff_depth_cm,0.38125,0.39375,-0.0125
bearmountain,BM17,mass_1hr,0.0323602229683026,0.00147091922583193,0.0308893037424706
bearmountain,BM17,mass_10hr,0.337824362595043,0.0844560906487607,0.253368271946282
bearmountain,BM17,mass_100hr,1.12023649649452,0.672141897896712,0.448094598597808
bearmountain,BM17,total_fine,1.49042108205787,0.758068907771305,0.73235217428656
bearmountain,BM17,total_cwd,2.44420031037243,2.10403594974357,0.340164360628863
bearmountain,BM17,total_fuel,3.93462139243029,2.86210485751487,1.07251653491542
bearmountain,BM17,litter_depth_cm,1.69375,0.81875,0.875
bearmountain,BM17,duff_depth_cm,1.08125,0.125,0.95625
bearmountain,BM18,mass_1hr,0.0617786074849412,0.0338311421941345,0.0279474652908068
bearmountain,BM18,mass_10hr,0.703800755406339,0.197064211513775,0.506736543892564
bearmountain,BM18,mass_100hr,0.56011824824726,0.672141897896712,-0.112023649649452
bearmountain,BM18,total_fine,1.32569761113854,0.903037251604621,0.422660359533919
bearmountain,BM18,total_cwd,0.516833832014828,0.228121289381492,0.288712542633335
bearmountain,BM18,total_fuel,1.84253144315337,1.13115854098611,0.711372902167254
bearmountain,BM18,litter_depth_cm,2.3125,1.25,1.0625
bearmountain,BM18,duff_depth_cm,0.45,0.94375,-0.49375
bearmountain,BM19,mass_1hr,0.0191219499358151,0.0044127576774958,0.0147091922583193
bearmountain,BM19,mass_10hr,0.337824362595043,0.0844560906487607,0.253368271946282
bearmountain,BM19,mass_100hr,0,0,0
bearmountain,BM19,total_fine,0.356946312530858,0.0888688483262565,0.268077464204602
bearmountain,BM19,total_cwd,1.45663875692423,0.638528738123181,0.81811001880105
bearmountain,BM19,total_fuel,1.81358506945509,0.727397586449437,1.08618748300565
bearmountain,BM19,litter_depth_cm,2,0.9375,1.0625
bearmountain,BM19,duff_depth_cm,1.0125,0,1.0125
bearmountain,BM2,mass_1hr,0.0264765460649748,0.00294183845166387,0.023534707613311
bearmountain,BM2,mass_10hr,0.0563040604325072,0.0563040604325072,0
bearmountain,BM2,mass_100hr,0.112023649649452,0.224047299298904,-0.112023649649452
bearmountain,BM2,total_fine,0.194804256146934,0.283293198183075,-0.088488942036141
bearmountain,BM2,total_cwd,0.0832649357583469,0,0.0832649357583469
bearmountain,BM2,total_fuel,0.278069191905281,0.283293198183075,-0.00522400627779413
bearmountain,BM2,litter_depth_cm,3.4375,1.25,2.1875
bearmountain,BM2,duff_depth_cm,0.4375,0.2,0.2375
bearmountain,BM20,mass_1hr,0.0250056268391429,0.0279474652908068,-0.00294183845166387
bearmountain,BM20,mass_10hr,0.337824362595043,0.337824362595043,0
bearmountain,BM20,mass_100hr,0.224047299298904,0.896189197195616,-0.672141897896712
bearmountain,BM20,total_fine,0.58687728873309,1.26196102508147,-0.675083736348376
bearmountain,BM20,total_cwd,2.7535369370936,0.793234003378334,1.96030293371527
bearmountain,BM20,total_fuel,3.34041422582669,2.0551950284598,1.28521919736689
bearmountain,BM20,litter_depth_cm,1.88125,0.75625,1.125
bearmountain,BM20,duff_depth_cm,1.01875,0.00625,1.0125
bearmountain,BM21,mass_1hr,0.0573658498074454,0.0264765460649748,0.0308893037424706
bearmountain,BM21,mass_10hr,0.0281520302162536,0.0281520302162536,0
bearmountain,BM21,mass_100hr,0.448094598597808,0.336070948948356,0.112023649649452
bearmountain,BM21,total_fine,0.533612478621507,0.390699525229584,0.142912953391923
bearmountain,BM21,total_cwd,0,0,0
bearmountain,BM21,total_fuel,0.533612478621507,0.390699525229584,0.142912953391923
bearmountain,BM21,litter_depth_cm,1.8875,1.25625,0.63125
bearmountain,BM21,duff_depth_cm,0.75625,0.81875,-0.0625
bearmountain,BM22,mass_1hr,0.0205928691616471,0.0764877997432606,-0.0558949305816135
bearmountain,BM22,mass_10hr,0.422280453243804,0.619344664757579,-0.197064211513775
bearmountain,BM22,mass_100hr,0.56011824824726,0.896189197195616,-0.336070948948356
bearmountain,BM22,total_fine,1.00299157065271,1.59202166169646,-0.589030091043744
bearmountain,BM22,total_cwd,0.120216830325661,0,0.120216830325661
bearmountain,BM22,total_fuel,1.12320840097837,1.59202166169646,-0.468813260718084
bearmountain,BM22,litter_depth_cm,3.25625,0.56875,2.6875
bearmountain,BM22,duff_depth_cm,1.1375,0.1375,1
bearmountain,BM23,mass_1hr,0.0132382730324874,0.0132382730324874,0
bearmountain,BM23,mass_10hr,0.422280453243804,0.281520302162536,0.140760151081268
bearmountain,BM23,mass_100hr,4.03285138738027,0.112023649649452,3.92082773773082
bearmountain,BM23,total_fine,4.46837011365656,0.406782224844475,4.06158788881209
bearmountain,BM23,total_cwd,0.884327813865676,0.110855683701941,0.773472130163735
bearmountain,BM23,total_fuel,5.35269792752224,0.517637908546416,4.83506001897582
bearmountain,BM23,litter_depth_cm,3.1875,0.4,2.7875
bearmountain,BM23,duff_depth_cm,2.26875,0.1875,2.08125
bearmountain,BM24,mass_1hr,0.04559849600079,0.00294183845166387,0.0426566575491261
bearmountain,BM24,mass_10hr,0.478584513676311,0.0844560906487607,0.39412842302755
bearmountain,BM24,mass_100hr,0.56011824824726,0,0.56011824824726
bearmountain,BM24,total_fine,1.08430125792436,0.0873979291004246,0.996903328823936
bearmountain,BM24,total_cwd,0.160124876458359,0.0444654464626675,0.115659429995692
bearmountain,BM24,total_fuel,1.24442613438272,0.131863375563092,1.11256275881963
bearmountain,BM24,litter_depth_cm,4.075,0.575,3.5
bearmountain,BM24,duff_depth_cm,0.01875,0.00625,0.0125
bearmountain,BM25,mass_1hr,0.0735459612915967,0.0044127576774958,0.0691332036141009
bearmountain,BM25,mass_10hr,1.04162511800138,0.0281520302162536,1.01347308778513
bearmountain,BM25,mass_100hr,0.896189197195616,0,0.896189197195616
bearmountain,BM25,total_fine,2.01136027648859,0.0325647878937494,1.97879548859485
bearmountain,BM25,total_cwd,2.77285046065412,2.02003690301315,0.752813557640969
bearmountain,BM25,total_fuel,4.78421073714271,2.0526016909069,2.73160904623581
bearmountain,BM25,litter_depth_cm,3.125,0.01875,3.10625
bearmountain,BM25,duff_depth_cm,0.50625,0,0.50625
bearmountain,BM26,mass_1hr,0.0382438998716303,0.023534707613311,0.0147091922583193
bearmountain,BM26,mass_10hr,0.422280453243804,0.365976392811296,0.0563040604325072
bearmountain,BM26,mass_100hr,0.448094598597808,0.672141897896712,-0.224047299298904
bearmountain,BM26,total_fine,0.908618951713242,1.06165299832132,-0.153034046608078
bearmountain,BM26,total_cwd,0.661808431700588,0.129824322913162,0.531984108787426
bearmountain,BM26,total_fuel,1.57042738341383,1.19147732123448,0.378950062179349
bearmountain,BM26,litter_depth_cm,2.5,0.26875,2.23125
bearmountain,BM26,duff_depth_cm,0.64375,0.0125,0.63125
bearmountain,BM27,mass_1hr,0.0176510307099832,0.00735459612915967,0.0102964345808235
bearmountain,BM27,mass_10hr,0.337824362595043,0.140760151081268,0.197064211513775
bearmountain,BM27,mass_100hr,0.448094598597808,0.336070948948356,0.112023649649452
bearmountain,BM27,total_fine,0.803569991902834,0.484185696158783,0.31938429574405
bearmountain,BM27,total_cwd,1.11299106436749,0.782044969703352,0.330946094664137
bearmountain,BM27,total_fuel,1.91656105627032,1.26623066586214,0.650330390408188
bearmountain,BM27,litter_depth_cm,2.25,1.25625,0.99375
bearmountain,BM27,duff_depth_cm,0.1375,0.125,0.0125
bearmountain,BM3,mass_1hr,0.0147091922583193,0.00294183845166387,0.0117673538066555
bearmountain,BM3,mass_10hr,0.140760151081268,0.0844560906487607,0.0563040604325072
bearmountain,BM3,mass_100hr,1.90440204404068,0.336070948948356,1.56833109509233
bearmountain,BM3,total_fine,2.05987138738027,0.42346887804878,1.63640250933149
bearmountain,BM3,total_cwd,1.81396850430943,1.02233574969568,0.791632754613751
bearmountain,BM3,total_fuel,3.8738398916897,1.44580462774446,2.42803526394524
bearmountain,BM3,litter_depth_cm,6.5625,1.00625,5.55625
bearmountain,BM3,duff_depth_cm,2.0625,0.125,1.9375
bearmountain,BM4,mass_1hr,0.0323602229683026,0.0102964345808235,0.022063788387479
bearmountain,BM4,mass_10hr,0.0844560906487607,0.112608120865014,-0.0281520302162536
bearmountain,BM4,mass_100hr,0,0,0
bearmountain,BM4,total_fine,0.116816313617063,0.122904555445838,-0.00608824182877459
bearmountain,BM4,total_cwd,0.159632184530795,0,0.159632184530795
bearmountain,BM4,total_fuel,0.276448498147858,0.122904555445838,0.153543942702021
bearmountain,BM4,litter_depth_cm,3,0.76875,2.23125
bearmountain,BM4,duff_depth_cm,2.25625,0.125,2.13125
bearmountain,BM5,mass_1hr,0.0411857383232942,0.0117673538066555,0.0294183845166387
bearmountain,BM5,mass_10hr,0.168912181297521,0.0563040604325072,0.112608120865014
bearmountain,BM5,mass_100hr,0.672141897896712,0.112023649649452,0.56011824824726
bearmountain,BM5,total_fine,0.882239817517528,0.180095063888615,0.702144753628913
bearmountain,BM5,total_cwd,0,0.835979955013803,-0.835979955013803
bearmountain,BM5,total_fuel,0.882239817517528,1.01607501890242,-0.13383520138489
bearmountain,BM6,mass_1hr,0.0191219499358151,0.0161801114841513,0.00294183845166387
bearmountain,BM6,mass_10hr,0.450432483460057,0.0281520302162536,0.422280453243804
bearmountain,BM6,mass_100hr,1.00821284684507,0,1.00821284684507
bearmountain,BM6,total_fine,1.47776728024094,0.0443321417004049,1.43343513854054
bearmountain,BM6,total_cwd,1.44247879092604,0.0709476375692423,1.37153115335679
bearmountain,BM6,total_fuel,2.92024607116698,0.115279779269647,2.80496629189733
bearmountain,BM6,litter_depth_cm,2.13125,1.25625,0.875
bearmountain,BM6,duff_depth_cm,0.7625,0.56875,0.19375
bearmountain,BM7,mass_1hr,0.0044127576774958,0.00294183845166387,0.00147091922583193
bearmountain,BM7,mass_10hr,0.309672332378789,0.253368271946282,0.0563040604325071
bearmountain,BM7,mass_100hr,1.12023649649452,1.00821284684507,0.112023649649452
bearmountain,BM7,total_fine,1.4343215865508,1.26452295724301,0.169798629307791
bearmountain,BM7,total_cwd,0.193154943282262,0,0.193154943282262
bearmountain,BM7,total_fuel,1.62747652983307,1.26452295724301,0.362953572590053
bearmountain,BM7,litter_depth_cm,4.5,1.25625,3.24375
bearmountain,BM7,duff_depth_cm,1.51875,0.44375,1.075
bearmountain,BM8,mass_1hr,0.0353020614199664,0.0117673538066555,0.023534707613311
bearmountain,BM8,mass_10hr,0.253368271946282,0.140760151081268,0.112608120865014
bearmountain,BM8,mass_100hr,0.112023649649452,0.224047299298904,-0.112023649649452
bearmountain,BM8,total_fine,0.400693983015701,0.376574804186827,0.0241191788288733
bearmountain,BM8,total_cwd,0,0,0
bearmountain,BM8,total_fuel,0.400693983015701,0.376574804186827,0.0241191788288733
bearmountain,BM8,litter_depth_cm,3.075,1.00625,2.06875
bearmountain,BM8,duff_depth_cm,0.33125,0.06875,0.2625
bearmountain,BM9,mass_1hr,0.00735459612915967,0.00735459612915967,1.73472347597681e-18
bearmountain,BM9,mass_10hr,0.253368271946282,0.309672332378789,-0.0563040604325071
bearmountain,BM9,mass_100hr,0.784165547546164,0.336070948948356,0.448094598597808
bearmountain,BM9,total_fine,1.04488841562161,0.653097877456305,0.391790538165301
bearmountain,BM9,total_cwd,1.55641379917525,2.76400171363506,-1.20758791445981
bearmountain,BM9,total_fuel,2.60130221479686,3.41709959109137,-0.815797376294511
bearmountain,BM9,litter_depth_cm,1.88125,1.4375,0.44375
bearmountain,BM9,duff_depth_cm,0.525,0.2625,0.2625
burtonsp,burton07,mass_1hr,0.127969972647378,0.0617786074849412,0.066191365162437
burtonsp,burton07,mass_10hr,0.703800755406339,0.534888574108818,0.168912181297522
burtonsp,burton07,mass_100hr,2.5765439419374,0.448094598597808,2.12844934333959
burtonsp,burton07,total_fine,3.40831466999111,1.04476178019157,2.36355288979955
burtonsp,burton07,total_cwd,0.315322833641077,0,0.315322833641077
burtonsp,burton07,total_fuel,3.72363750363219,1.04476178019157,2.67887572344062
burtonsp,burton07,litter_depth_cm,0.8125,0.4375,0.375
burtonsp,burton07,duff_depth_cm,1.4375,0.1875,1.25
burtonsp,burton08,mass_1hr,0.0573658498074454,0.0617786074849412,-0.00441275767749581
burtonsp,burton08,mass_10hr,0.731952785622593,0.760104815838847,-0.0281520302162537
burtonsp,burton08,mass_100hr,1.68035474474178,0.672141897896712,1.00821284684507
burtonsp,burton08,total_fine,2.46967338017182,1.4940253212205,0.975648058951318
burtonsp,burton08,total_cwd,0.730662128577683,0.555756494292398,0.174905634285285
burtonsp,burton08,total_fuel,3.2003355087495,2.0497818155129,1.1505536932366
burtonsp,burton08,litter_depth_cm,1.3125,0.875,0.4375
burtonsp,burton08,duff_depth_cm,3.56875,1.25625,2.3125
burtonsp,burton09,mass_1hr,0.111789861163227,0.0191219499358152,0.0926679112274119
burtonsp,burton09,mass_10hr,0.7882568460551,0.0844560906487607,0.70380075540634
burtonsp,burton09,mass_100hr,1.45630744544288,0.448094598597808,1.00821284684507
burtonsp,burton09,total_fine,2.3563541526612,0.551672639182384,1.80468151347882
burtonsp,burton09,total_cwd,0.0492691927564183,0,0.0492691927564183
burtonsp,burton09,total_fuel,2.40562334541762,0.551672639182384,1.85395070623524
burtonsp,burton09,litter_depth_cm,1.63125,0.375,1.25625
burtonsp,burton09,duff_depth_cm,2.75,1,1.75
burtonsp,burton10,mass_1hr,0.120615376518219,0.123557214969882,-0.00294183845166386
burtonsp,burton10,mass_10hr,0.900864966920114,0.563040604325072,0.337824362595043
burtonsp,burton10,mass_100hr,0.336070948948356,0.56011824824726,-0.224047299298904
burtonsp,burton10,total_fine,1.35755129238669,1.24671606754221,0.110835224844475
burtonsp,burton10,total_cwd,1.48398808582332,0.569551868264195,0.914436217559123
burtonsp,burton10,total_fuel,2.84153937821001,1.81626793580641,1.0252714424036
burtonsp,burton10,litter_depth_cm,1,0.3125,0.6875
burtonsp,burton10,duff_depth_cm,2.375,0.9375,1.4375
burtonsp,burton14,mass_1hr,0.0603076882591093,0.0279474652908068,0.0323602229683026
burtonsp,burton14,mass_10hr,0.337824362595043,0.225216241730029,0.112608120865014
burtonsp,burton14,mass_100hr,0.672141897896712,0,0.672141897896712
burtonsp,burton14,total_fine,1.07027394875086,0.253163707020835,0.817110241730029
burtonsp,burton14,total_cwd,0.278494112055654,0,0.278494112055654
burtonsp,burton14,total_fuel,1.34876806080652,0.253163707020835,1.09560435378568
burtonsp,burton14,litter_depth_cm,2.5625,0.6875,1.875
burtonsp,burton14,duff_depth_cm,2.5625,0.6875,1.875
caples,1,mass_1hr,0.0323602229683026,0.00294183845166387,0.0294183845166387
caples,1,mass_10hr,0.253368271946282,0.0281520302162536,0.225216241730029
caples,1,mass_100hr,0.672141897896712,0,0.672141897896712
caples,1,total_fine,0.957870392811297,0.0310938686679174,0.926776524143379
caples,1,total_cwd,5.26527545689653,2.81179283060879,2.45348262628774
caples,1,total_fuel,6.22314584970783,2.84288669927671,3.38025915043112
caples,1,litter_depth_cm,1.125,0.416666666666666,0.708333333333334
caples,1,duff_depth_cm,0.5,0,0.5
caples,1,fuel_depth_cm,1.625,0.475,1.15
caples,10,mass_1hr,0.294183845166387,0.0044127576774958,0.289771087488891
caples,10,mass_10hr,0.39412842302755,0.0281520302162536,0.365976392811297
caples,10,mass_100hr,0.672141897896712,0.224047299298904,0.448094598597808
caples,10,total_fine,1.36045416609065,0.256612087192653,1.103842078898
caples,10,total_cwd,0,0,0
caples,10,total_fuel,1.36045416609065,0.256612087192653,1.103842078898
caples,10,litter_depth_cm,4.125,0,4.125
caples,10,duff_depth_cm,2.625,0,2.625
caples,10,fuel_depth_cm,4.5,0,4.5
caples,100,mass_1hr,0.0367729806457984,0.0161801114841513,0.0205928691616471
caples,100,mass_10hr,0.197064211513775,0.450432483460057,-0.253368271946282
caples,100,mass_100hr,0.336070948948356,0.224047299298904,0.112023649649452
caples,100,total_fine,0.569908141107929,0.690659894243112,-0.120751753135183
caples,100,total_cwd,6.65727303292434,0.103588477770369,6.55368455515397
caples,100,total_fuel,7.22718117403227,0.794248372013482,6.43293280201879
caples,100,litter_depth_cm,1.875,0.666666666666667,1.20833333333333
caples,100,duff_depth_cm,1.75,0,1.75
caples,100,fuel_depth_cm,3.5125,1.29166666666667,2.22083333333333
caples,101,mass_1hr,0.0411857383232942,0.0205928691616471,0.0205928691616471
caples,101,mass_10hr,0.309672332378789,0.0563040604325072,0.253368271946282
caples,101,mass_100hr,0.336070948948356,0.112023649649452,0.224047299298904
caples,101,total_fine,0.686929019650439,0.188920579243606,0.498008440406833
caples,101,total_cwd,0,0,0
caples,101,total_fuel,0.686929019650439,0.188920579243606,0.498008440406833
caples,101,litter_depth_cm,4.125,0.166666666666667,3.95833333333333
caples,101,duff_depth_cm,4.375,0,4.375
caples,101,fuel_depth_cm,4.1125,0.666666666666666,3.44583333333333
caples,102,mass_1hr,0.0558949305816135,0.0294183845166387,0.0264765460649748
caples,102,mass_10hr,0.168912181297521,0.253368271946282,-0.0844560906487608
caples,102,mass_100hr,0.112023649649452,0.112023649649452,0
caples,102,total_fine,0.336830761528587,0.394810306112373,-0.0579795445837859
caples,102,total_cwd,0,0,0
caples,102,total_fuel,0.336830761528587,0.394810306112373,-0.0579795445837859
caples,102,litter_depth_cm,3.5,0.0833333333333333,3.41666666666667
caples,102,duff_depth_cm,2.875,0,2.875
caples,102,fuel_depth_cm,5.55,0.383333333333333,5.16666666666667
caples,103,mass_1hr,0.119144457292387,0.0117673538066555,0.107377103485731
caples,103,mass_10hr,0.731952785622593,0.197064211513775,0.534888574108818
caples,103,mass_100hr,1.68035474474178,0.112023649649452,1.56833109509233
caples,103,total_fine,2.53145198765676,0.320855214969882,2.21059677268688
caples,103,total_cwd,11.8945685152545,0,11.8945685152545
caples,103,total_fuel,14.4260205029113,0.320855214969882,14.1051652879414
caples,103,litter_depth_cm,4.16666666666667,0.166666666666667,4
caples,103,duff_depth_cm,2,0.166666666666667,1.83333333333333
caples,103,fuel_depth_cm,3.54166666666667,0.75,2.79166666666667
caples,105,mass_1hr,0.139737326454034,0.023534707613311,0.116202618840723
caples,105,mass_10hr,0.731952785622593,0.140760151081268,0.591192634541325
caples,105,mass_100hr,0.448094598597808,0.112023649649452,0.336070948948356
caples,105,total_fine,1.31978471067443,0.276318508344031,1.0434662023304
caples,105,total_cwd,3.5186825736815,1.36611154215359,2.15257103152791
caples,105,total_fuel,4.83846728435594,1.64243005049762,3.19603723385832
caples,105,litter_depth_cm,4.16666666666667,0.5,3.66666666666667
caples,105,duff_depth_cm,3.91666666666667,0.166666666666667,3.75
caples,105,fuel_depth_cm,2.33333333333334,1.6675,0.665833333333334
caples,11,mass_1hr,0.117673538066555,0.0411857383232942,0.0764877997432606
caples,11,mass_10hr,0.300288322306705,0.225216241730029,0.0750720805766762
caples,11,mass_100hr,0.448094598597808,0,0.448094598597808
caples,11,total_fine,0.866056458971067,0.266401980053323,0.599654478917745
caples,11,total_cwd,7.246512870614,0.0709476375692423,7.17556523304476
caples,11,total_fuel,8.11256932958507,0.337349617622565,7.7752197119625
caples,11,litter_depth_cm,5.16666666666667,0.416666666666667,4.75
caples,11,duff_depth_cm,3.33333333333333,0.916666666666668,2.41666666666667
caples,11,fuel_depth_cm,6,0.408333333333334,5.59166666666667
caples,111,mass_1hr,0.0323602229683026,0.0132382730324874,0.0191219499358151
caples,111,mass_10hr,0.140760151081268,0.140760151081268,0
caples,111,mass_100hr,0.448094598597808,0.112023649649452,0.336070948948356
caples,111,total_fine,0.621214972647378,0.266022073763207,0.355192898884171
caples,111,total_cwd,1.11299106436749,1.08096608907582,0.0320249752916719
caples,111,total_fuel,1.73420603701487,1.34698816283902,0.387217874175843
caples,111,litter_depth_cm,6.16666666666667,0.916666666666667,5.25
caples,111,duff_depth_cm,6.66666666666666,0,6.66666666666666
caples,111,fuel_depth_cm,0.583333333333334,0.916666666666667,-0.333333333333333
caples,115,mass_1hr,0.0117673538066555,0.00735459612915967,0.0044127576774958
caples,115,mass_10hr,0.365976392811296,0.140760151081268,0.225216241730029
caples,115,mass_100hr,0,0,0
caples,115,total_fine,0.377743746617952,0.148114747210428,0.229628999407524
caples,115,total_cwd,0,0,0
caples,115,total_fuel,0.377743746617952,0.148114747210428,0.229628999407524
caples,115,litter_depth_cm,1.58333333333333,0.166666666666667,1.41666666666667
caples,115,duff_depth_cm,0.916666666666665,0.166666666666667,0.749999999999998
caples,115,fuel_depth_cm,0.916666666666665,0.5,0.416666666666665
caples,117,mass_1hr,0.0720750420657648,0.0691332036141009,0.00294183845166388
caples,117,mass_10hr,0.534888574108818,0.253368271946282,0.281520302162536
caples,117,mass_100hr,0.896189197195616,0.448094598597808,0.448094598597808
caples,117,total_fine,1.5031528133702,0.770596074158191,0.732556739212008
caples,117,total_cwd,0.256692494260939,0.0709476375692423,0.185744856691697
caples,117,total_fuel,1.75984530763114,0.841543711727433,0.918301595903704
caples,117,litter_depth_cm,2,1.08333333333333,0.916666666666668
caples,117,duff_depth_cm,0.916666666666667,0.583333333333333,0.333333333333334
caples,117,fuel_depth_cm,1.04166666666667,1.675,-0.633333333333337
caples,118,mass_1hr,0.169155710970672,0.0147091922583193,0.154446518712353
caples,118,mass_10hr,1.04162511800138,0,1.04162511800138
caples,118,mass_100hr,1.23226014614397,0.112023649649452,1.12023649649452
caples,118,total_fine,2.44304097511603,0.126732841907771,2.31630813320826
caples,118,total_cwd,0.424700441560325,0.332567051105823,0.0921333904545022
caples,118,total_fuel,2.86774141667635,0.459299893013595,2.40844152366276
caples,118,litter_depth_cm,2,0.0833333333333333,1.91666666666667
caples,118,duff_depth_cm,5.08333333333334,0.333333333333333,4.75
caples,118,fuel_depth_cm,5.24999999999999,0.65,4.59999999999999
caples,119,mass_1hr,0.432450252394589,0,0.432450252394589
caples,119,mass_10hr,2.05509820578651,0,2.05509820578651
caples,119,mass_100hr,2.35249664263849,0,2.35249664263849
caples,119,total_fine,4.84004510081959,0,4.84004510081959
caples,119,total_cwd,3.44145311403582,0,3.44145311403582
caples,119,total_fuel,8.28149821485541,0,8.28149821485541
caples,119,litter_depth_cm,4.75,0,4.75
caples,119,duff_depth_cm,6.58333333333333,0,6.58333333333333
caples,119,fuel_depth_cm,9.58333333333333,0.05,9.53333333333332
caples,12,mass_1hr,0.175039387874,0.0191219499358151,0.155917437938185
caples,12,mass_10hr,0.900864966920114,0.0281520302162536,0.872712936703861
caples,12,mass_100hr,0.784165547546164,0,0.784165547546164
caples,12,total_fine,1.86006990234028,0.0472739801520687,1.81279592218821
caples,12,total_cwd,1.60962452735218,0.871079327933475,0.73854519941871
caples,12,total_fuel,3.46969442969246,0.918353308085544,2.55134112160692
caples,12,litter_depth_cm,3.5,0,3.5
caples,12,duff_depth_cm,2.375,0,2.375
caples,12,fuel_depth_cm,4.0875,0.025,4.0625
caples,121,mass_1hr,0.0426566575491261,0.0102964345808235,0.0323602229683026
caples,121,mass_10hr,0.0563040604325072,0,0.0563040604325072
caples,121,mass_100hr,0,0,0
caples,121,total_fine,0.0989607179816332,0.0102964345808235,0.0886642834008097
caples,121,total_cwd,0.0832649357583469,0,0.0832649357583469
caples,121,total_fuel,0.18222565373998,0.0102964345808235,0.171929219159157
caples,121,litter_depth_cm,1.41666666666667,0.333333333333333,1.08333333333333
caples,121,duff_depth_cm,0.333333333333333,0.25,0.0833333333333325
caples,121,fuel_depth_cm,0.833333333333334,3.53333333333333,-2.7
caples,122,mass_1hr,0.0573658498074454,0.0500112536782858,0.00735459612915967
caples,122,mass_10hr,0.450432483460057,0.281520302162536,0.168912181297521
caples,122,mass_100hr,0.672141897896712,0.448094598597808,0.224047299298904
caples,122,total_fine,1.17994023116421,0.779626154438629,0.400314076725585
caples,122,total_cwd,1.51773748286146,0,1.51773748286146
caples,122,total_fuel,2.69767771402568,0.779626154438629,1.91805155958705
caples,122,litter_depth_cm,3.83333333333333,0.916666666666667,2.91666666666667
caples,122,duff_depth_cm,4.08333333333333,1,3.08333333333333
caples,122,fuel_depth_cm,4.58333333333333,1.91666666666667,2.66666666666666
caples,129,mass_1hr,0.114731699614891,0.102964345808235,0.0117673538066555
caples,129,mass_10hr,1.18238526908265,0.760104815838847,0.422280453243804
caples,129,mass_100hr,0.448094598597808,0.112023649649452,0.336070948948356
caples,129,total_fine,1.74521156729535,0.975092811296534,0.770118755998815
caples,129,total_cwd,0.0965676178025798,0.788799776030256,-0.692232158227677
caples,129,total_fuel,1.84177918509793,1.76389258732679,0.0778865977711383
caples,129,litter_depth_cm,4.08333333333333,0.666666666666666,3.41666666666667
caples,129,duff_depth_cm,2.41666666666667,2.75,-0.333333333333338
caples,129,fuel_depth_cm,2.33333333333333,0.958333333333333,1.375
caples,13,mass_1hr,0.104435265034067,0.0191219499358151,0.0853133150982522
caples,13,mass_10hr,0.647496694973832,0.168912181297521,0.478584513676311
caples,13,mass_100hr,0.448094598597808,0.112023649649452,0.336070948948356
caples,13,total_fine,1.20002655860571,0.300057780882789,0.899968777722919
caples,13,total_cwd,0.935129278516819,1.80386831979436,-0.868739041277545
caples,13,total_fuel,2.13515583712253,2.10392610067715,0.0312297364453733
caples,13,litter_depth_cm,2.875,1.16666666666667,1.70833333333334
caples,13,duff_depth_cm,1.75,0.416666666666666,1.33333333333333
caples,13,fuel_depth_cm,2.9625,2.02083333333333,0.941666666666667
caples,14,mass_1hr,0.205928691616471,0.0632495267107732,0.142679164905698
caples,14,mass_10hr,0.563040604325072,0.563040604325072,0
caples,14,mass_100hr,0.784165547546164,0.224047299298904,0.56011824824726
caples,14,total_fine,1.55313484348771,0.850337430334749,0.702797413152957
caples,14,total_cwd,0.0399080461326988,0.0315322833641077,0.0083757627685911
caples,14,total_fuel,1.59304288962041,0.881869713698856,0.711173175921549
caples,14,litter_depth_cm,2.625,0.416666666666666,2.20833333333333
caples,14,duff_depth_cm,1.875,1.16666666666667,0.708333333333334
caples,14,fuel_depth_cm,2.6875,4.8,-2.1125
caples,15,mass_1hr,0.197103176261479,0.022063788387479,0.175039387874
caples,15,mass_10hr,0.563040604325072,0.0563040604325072,0.506736543892564
caples,15,mass_100hr,0.224047299298904,0,0.224047299298904
caples,15,total_fine,0.984191079885455,0.0783678488199862,0.905823231065468
caples,15,total_cwd,0,0,0
caples,15,total_fuel,0.984191079885455,0.0783678488199862,0.905823231065468
caples,15,litter_depth_cm,3.25,0,3.25
caples,15,duff_depth_cm,2.25,0,2.25
caples,15,fuel_depth_cm,2.375,0,2.375
caples,18,mass_1hr,0.213283287745631,0.00147091922583193,0.211812368519799
caples,18,mass_10hr,0.337824362595043,0,0.337824362595043
caples,18,mass_100hr,0,0,0
caples,18,total_fine,0.551107650340673,0.00147091922583193,0.549636731114842
caples,18,total_cwd,0,0,0
caples,18,total_fuel,0.551107650340673,0.00147091922583193,0.549636731114842
caples,18,litter_depth_cm,3.125,0,3.125
caples,18,duff_depth_cm,2.125,0,2.125
caples,18,fuel_depth_cm,2.65,0,2.65
caples,2,mass_1hr,0.0382438998716303,0.0044127576774958,0.0338311421941345
caples,2,mass_10hr,0.140760151081268,0.0844560906487607,0.0563040604325072
caples,2,mass_100hr,0,0,0
caples,2,total_fine,0.179004050952898,0.0888688483262565,0.0901352026266416
caples,2,total_cwd,0.99770115331747,0,0.99770115331747
caples,2,total_fuel,1.17670520427037,0.0888688483262565,1.08783635594411
caples,2,litter_depth_cm,1.875,0.25,1.625
caples,2,duff_depth_cm,0.625,0.0833333333333333,0.541666666666667
caples,2,fuel_depth_cm,1.1875,0.266666666666667,0.920833333333333
caples,20,mass_1hr,0.0691332036141009,0.00147091922583193,0.067662284388269
caples,20,mass_10hr,0.39412842302755,0.0281520302162536,0.365976392811296
caples,20,mass_100hr,0.896189197195616,0.224047299298904,0.672141897896712
caples,20,total_fine,1.35945082383727,0.253670248740989,1.10578057509628
caples,20,total_cwd,1.00952575957901,0.378602953087602,0.630922806491409
caples,20,total_fuel,2.36897658341628,0.632273201828591,1.73670338158769
caples,20,litter_depth_cm,1.375,0.166666666666667,1.20833333333333
caples,20,duff_depth_cm,0.875,0.166666666666667,0.708333333333333
caples,20,fuel_depth_cm,1.1875,0.166666666666667,1.02083333333333
caples,22,mass_1hr,0.0720750420657648,0.0294183845166387,0.0426566575491261
caples,22,mass_10hr,0.197064211513775,0.0281520302162536,0.168912181297521
caples,22,mass_100hr,0.112023649649452,0,0.112023649649452
caples,22,total_fine,0.381162903228992,0.0575704147328923,0.3235924884961
caples,22,total_cwd,0,0,0
caples,22,total_fuel,0.381162903228992,0.0575704147328923,0.3235924884961
caples,22,litter_depth_cm,2.125,0,2.125
caples,22,duff_depth_cm,1.375,0,1.375
caples,22,fuel_depth_cm,12.375,0,12.375
caples,23,mass_1hr,0.198574095487311,0.04559849600079,0.152975599486521
caples,23,mass_10hr,0.816408876271354,0.112608120865014,0.70380075540634
caples,23,mass_100hr,0.896189197195616,0,0.896189197195616
caples,23,total_fine,1.91117216895428,0.158206616865804,1.75296555208848
caples,23,total_cwd,0.340942813874414,0,0.340942813874414
caples,23,total_fuel,2.25211498282869,0.158206616865804,2.09390836596289
caples,23,litter_depth_cm,3.25,0.666666666666667,2.58333333333333
caples,23,duff_depth_cm,2.25,0.916666666666666,1.33333333333333
caples,23,fuel_depth_cm,13.5,2.63333333333333,10.8666666666667
caples,24,mass_1hr,0.141208245679866,0.00588367690332774,0.135324568776538
caples,24,mass_10hr,0.253368271946282,0.0281520302162536,0.225216241730029
caples,24,mass_100hr,0.56011824824726,0.112023649649452,0.448094598597808
caples,24,total_fine,0.954694765873408,0.146059356769033,0.808635409104374
caples,24,total_cwd,2.89702853407739,0.591230313077019,2.30579822100038
caples,24,total_fuel,3.8517232999508,0.737289669846052,3.11443363010475
caples,24,litter_depth_cm,5.875,0,5.875
caples,24,duff_depth_cm,3.125,0,3.125
caples,24,fuel_depth_cm,10.75,0.0583333333333334,10.6916666666667
caples,26,mass_1hr,0.114731699614891,0.0490306408610645,0.0657010587538264
caples,26,mass_10hr,0.168912181297521,0.375360402883381,-0.20644822158586
caples,26,mass_100hr,0.336070948948356,0,0.336070948948356
caples,26,total_fine,0.619714829860768,0.424391043744445,0.195323786116323
caples,26,total_cwd,0,0,0
caples,26,total_fuel,0.619714829860768,0.424391043744445,0.195323786116323
caples,26,litter_depth_cm,0.875,0.444444444444445,0.430555555555555
caples,26,duff_depth_cm,0.625,0.888888888888889,-0.263888888888889
caples,26,fuel_depth_cm,46.375,0.444444444444445,45.9305555555556
caples,28,mass_1hr,0.130911811099042,0.00588367690332774,0.125028134195714
caples,28,mass_10hr,0.647496694973832,0.0281520302162536,0.619344664757579
caples,28,mass_100hr,0.784165547546164,0,0.784165547546164
caples,28,total_fine,1.56257405361904,0.0340357071195813,1.52853834649946
caples,28,total_cwd,0.700607920996268,0.0543192850139511,0.646288635982317
caples,28,total_fuel,2.26318197461531,0.0883549921335325,2.17482698248177
caples,28,litter_depth_cm,4,0,4
caples,28,duff_depth_cm,2.875,0,2.875
caples,28,fuel_depth_cm,6.375,0.0833333333333333,6.29166666666667
caples,29,mass_1hr,0.154446518712353,0.00735459612915967,0.147091922583193
caples,29,mass_10hr,0.619344664757579,0.168912181297521,0.450432483460057
caples,29,mass_100hr,0.784165547546164,0.56011824824726,0.224047299298904
caples,29,total_fine,1.5579567310161,0.736385025673941,0.821571705342155
caples,29,total_cwd,1.36266269866064,0.788799776030256,0.573862922630382
caples,29,total_fuel,2.92061942967673,1.5251848017042,1.39543462797254
caples,29,litter_depth_cm,3.875,0.333333333333333,3.54166666666667
caples,29,duff_depth_cm,2.5,0,2.5
caples,29,fuel_depth_cm,20.75,0.533333333333334,20.2166666666667
caples,3,mass_1hr,0.0294183845166387,0.0102964345808235,0.0191219499358151
caples,3,mass_10hr,0.225216241730029,0,0.225216241730029
caples,3,mass_100hr,0.448094598597808,0,0.448094598597808
caples,3,total_fine,0.702729224844475,0.0102964345808235,0.692432790263652
caples,3,total_cwd,2.08162339395867,0,2.08162339395867
caples,3,total_fuel,2.78435261880315,0.0102964345808235,2.77405618422232
caples,3,litter_depth_cm,1.75,0.25,1.5
caples,3,duff_depth_cm,0.5,0,0.5
caples,3,fuel_depth_cm,3,0.291666666666667,2.70833333333333
caples,30,mass_1hr,0.0603076882591093,0.00588367690332774,0.0544240113557816
caples,30,mass_10hr,0.197064211513775,0,0.197064211513775
caples,30,mass_100hr,0.112023649649452,0,0.112023649649452
caples,30,total_fine,0.369395549422336,0.00588367690332774,0.363511872519009
caples,30,total_cwd,0.392675466268654,0.126129133456431,0.266546332812223
caples,30,total_fuel,0.76207101569099,0.132012810359759,0.630058205331231
caples,30,litter_depth_cm,1.375,0.0833333333333333,1.29166666666667
caples,30,duff_depth_cm,0.625,0.0833333333333333,0.541666666666667
caples,30,fuel_depth_cm,23,0.1,22.9
caples,32,mass_1hr,0.200045014713143,0.00882551535499161,0.191219499358152
caples,32,mass_10hr,0.591192634541325,0.0281520302162536,0.563040604325072
caples,32,mass_100hr,1.12023649649452,0.112023649649452,1.00821284684507
caples,32,total_fine,1.91147414574899,0.149001195220697,1.76247295052829
caples,32,total_cwd,0.489243084071233,1.0591644712811,-0.569921387209868
caples,32,total_fuel,2.40071722982022,1.2081656665018,1.19255156331842
caples,32,litter_depth_cm,5.875,0.0833333333333333,5.79166666666667
caples,32,duff_depth_cm,5,0,5
caples,32,fuel_depth_cm,28.75,0.191666666666667,28.5583333333333
caples,33,mass_1hr,0.200045014713143,0.0426566575491261,0.157388357164017
caples,33,mass_10hr,1.09792917843389,0.0844560906487607,1.01347308778513
caples,33,mass_100hr,1.12023649649452,0.224047299298904,0.896189197195616
caples,33,total_fine,2.41821068964155,0.351160047496791,2.06705064214476
caples,33,total_cwd,0.974544632721953,0.0832649357583469,0.891279696963607
caples,33,total_fuel,3.39275532236351,0.434424983255138,2.95833033910837
caples,33,litter_depth_cm,4.625,0.583333333333333,4.04166666666667
caples,33,duff_depth_cm,4.25,0.333333333333333,3.91666666666667
caples,33,fuel_depth_cm,7.25,2.89166666666667,4.35833333333333
caples,34,mass_1hr,0.0161801114841513,0.0176510307099832,-0.00147091922583193
caples,34,mass_10hr,0.140760151081268,0.168912181297521,-0.0281520302162536
caples,34,mass_100hr,0.112023649649452,0,0.112023649649452
caples,34,total_fine,0.268963912214871,0.186563212007505,0.0824007002073665
caples,34,total_cwd,0,0.0492691927564183,-0.0492691927564183
caples,34,total_fuel,0.268963912214871,0.235832404763923,0.0331315074509482
caples,34,litter_depth_cm,1,0,1
caples,34,duff_depth_cm,0.625,0,0.625
caples,34,fuel_depth_cm,1.25,0.666666666666667,0.583333333333333
caples,35,mass_1hr,0.0514821729041177,0.00147091922583193,0.0500112536782858
caples,35,mass_10hr,0.281520302162536,0.0563040604325072,0.225216241730029
caples,35,mass_100hr,0.56011824824726,0,0.56011824824726
caples,35,total_fine,0.893120723313913,0.0577749796583391,0.835345743655574
caples,35,total_cwd,0.17786178585067,0,0.17786178585067
caples,35,total_fuel,1.07098250916458,0.0577749796583391,1.01320752950624
caples,35,litter_depth_cm,0.375,0.416666666666668,-0.0416666666666675
caples,35,duff_depth_cm,0.5,0.583333333333333,-0.0833333333333325
caples,35,fuel_depth_cm,1.875,0.508333333333334,1.36666666666667
caples,36,mass_1hr,0.0308893037424706,0.00147091922583193,0.0294183845166387
caples,36,mass_10hr,0.253368271946282,0,0.253368271946282
caples,36,mass_100hr,0.224047299298904,0,0.224047299298904
caples,36,total_fine,0.508304874987657,0.00147091922583193,0.506833955761825
caples,36,total_cwd,0.47347694238918,0.106790975299537,0.366685967089643
caples,36,total_fuel,0.981781817376836,0.108261894525369,0.873519922851468
caples,36,litter_depth_cm,1.625,0,1.625
caples,36,duff_depth_cm,1.25,0,1.25
caples,36,fuel_depth_cm,4.25,0.508333333333334,3.74166666666667
caples,37,mass_1hr,0.122086295744051,0.0147091922583193,0.107377103485731
caples,37,mass_10hr,0.731952785622593,0.112608120865014,0.619344664757579
caples,37,mass_100hr,1.12023649649452,0,1.12023649649452
caples,37,total_fine,1.97427557786116,0.127317313123334,1.84695826473783
caples,37,total_cwd,0.57842032296035,0.310241948138071,0.268178374822279
caples,37,total_fuel,2.55269590082151,0.437559261261405,2.11513663956011
caples,37,litter_depth_cm,3.875,0.166666666666667,3.70833333333333
caples,37,duff_depth_cm,1.75,0,1.75
caples,37,fuel_depth_cm,6.625,2.84166666666666,3.78333333333334
caples,4,mass_1hr,0.0514821729041177,0.0176510307099832,0.0338311421941345
caples,4,mass_10hr,0.253368271946282,0.0563040604325072,0.197064211513775
caples,4,mass_100hr,0.224047299298904,0.224047299298904,0
caples,4,total_fine,0.528897744149304,0.298002390441394,0.23089535370791
caples,4,total_cwd,6.10740913408561,0.130563360804508,5.9768457732811
caples,4,total_fuel,6.63630687823491,0.428565751245903,6.20774112698901
caples,4,litter_depth_cm,10.875,0.25,10.625
caples,4,duff_depth_cm,4,0.25,3.75
caples,4,fuel_depth_cm,10,1.75,8.25
caples,5,mass_1hr,0.151504680260689,0.089726072775748,0.0617786074849413
caples,5,mass_10hr,0.7882568460551,0.450432483460057,0.337824362595043
caples,5,mass_100hr,0.448094598597808,0.672141897896712,-0.224047299298904
caples,5,total_fine,1.3878561249136,1.21230045413252,0.17555567078108
caples,5,total_cwd,0.453646092304721,1.14230623405756,-0.688660141752837
caples,5,total_fuel,1.84150221721832,2.35460668819007,-0.513104470971756
caples,5,litter_depth_cm,4.625,0.583333333333333,4.04166666666667
caples,5,duff_depth_cm,2.875,0.583333333333333,2.29166666666667
caples,5,fuel_depth_cm,4.65,6.09166666666668,-1.44166666666667
caples,6,mass_1hr,0.120615376518219,0.089726072775748,0.0308893037424706
caples,6,mass_10hr,0.872712936703861,0.309672332378789,0.563040604325071
caples,6,mass_100hr,0.784165547546164,0.112023649649452,0.672141897896712
caples,6,total_fine,1.77749386076824,0.511422054803989,1.26607180596425
caples,6,total_cwd,0.29216631304556,0,0.29216631304556
caples,6,total_fuel,2.0696601738138,0.511422054803989,1.55823811900981
caples,6,litter_depth_cm,1.875,1.66666666666667,0.208333333333333
caples,6,duff_depth_cm,1.25,1.66666666666667,-0.416666666666667
caples,6,fuel_depth_cm,2.375,3.425,-1.05
caples,65,mass_1hr,0.104435265034067,0.022063788387479,0.0823714766465883
caples,65,mass_10hr,0.900864966920114,0.112608120865014,0.7882568460551
caples,65,mass_100hr,0.672141897896712,0,0.672141897896712
caples,65,total_fine,1.67744212985089,0.134671909252493,1.5427702205984
caples,65,total_cwd,16.4252440033423,2.2504935521313,14.174750451211
caples,65,total_fuel,18.1026861331932,2.38516546138379,15.7175206718094
caples,65,litter_depth_cm,3.875,0.0833333333333333,3.79166666666667
caples,65,duff_depth_cm,4,0.166666666666667,3.83333333333333
caples,65,fuel_depth_cm,5.7525,0.433333333333334,5.31916666666667
caples,7,mass_1hr,0.0735459612915967,0.023534707613311,0.0500112536782858
caples,7,mass_10hr,0.619344664757579,0.281520302162536,0.337824362595043
caples,7,mass_100hr,0.896189197195616,0.336070948948356,0.56011824824726
caples,7,total_fine,1.58907982324479,0.641125958724203,0.947953864520589
caples,7,total_cwd,10.2455286336972,4.90619542143866,5.33933321225852
caples,7,total_fuel,11.834608456942,5.54732138016286,6.28728707677911
caples,7,litter_depth_cm,2.25,0,2.25
caples,7,duff_depth_cm,1.125,0.333333333333333,0.791666666666668
caples,7,fuel_depth_cm,2.3125,3.83333333333334,-1.52083333333334
caples,75,mass_1hr,0.023534707613311,0.0294183845166387,-0.00588367690332774
caples,75,mass_10hr,0.39412842302755,0.0844560906487607,0.309672332378789
caples,75,mass_100hr,0.672141897896712,0.224047299298904,0.448094598597808
caples,75,total_fine,1.08980502853757,0.337921774464303,0.751883254073269
caples,75,total_cwd,5.7296068053803,0.651831420167414,5.07777538521289
caples,75,total_fuel,6.81941183391787,0.989753194631717,5.82965863928615
caples,75,litter_depth_cm,3.625,1.16666666666667,2.45833333333333
caples,75,duff_depth_cm,4.375,0.0833333333333333,4.29166666666667
caples,75,fuel_depth_cm,4.5125,1.19166666666667,3.32083333333333
caples,8,mass_1hr,0.110318941937395,0,0.110318941937395
caples,8,mass_10hr,0.816408876271354,0.0281520302162536,0.7882568460551
caples,8,mass_100hr,1.34428379579342,0,1.34428379579342
caples,8,total_fine,2.27101161400217,0.0281520302162536,2.24285958378592
caples,8,total_cwd,5.85120933175223,4.63512248154194,1.21608685021029
caples,8,total_fuel,8.12222094575441,4.66327451175819,3.45894643399621
caples,8,litter_depth_cm,4.375,0,4.375
caples,8,duff_depth_cm,3.125,0,3.125
caples,8,fuel_depth_cm,5,1.225,3.775
caples,9,mass_1hr,0.210341449293967,0.0044127576774958,0.205928691616471
caples,9,mass_10hr,0.39412842302755,0.0281520302162536,0.365976392811297
caples,9,mass_100hr,0,0,0
caples,9,total_fine,0.604469872321517,0.0325647878937494,0.571905084427767
caples,9,total_cwd,0,0,0
caples,9,total_fuel,0.604469872321517,0.0325647878937494,0.571905084427767
caples,9,litter_depth_cm,1.5,0.0833333333333333,1.41666666666667
caples,9,duff_depth_cm,1.25,0.0833333333333333,1.16666666666667
caples,9,fuel_depth_cm,1.625,0.166666666666667,1.45833333333333
caples,99,mass_1hr,0.0632495267107732,0.044127576774958,0.0191219499358151
caples,99,mass_10hr,0.7882568460551,0.281520302162536,0.506736543892564
caples,99,mass_100hr,0.224047299298904,1.00821284684507,-0.784165547546164
caples,99,total_fine,1.07555367206478,1.33386072578256,-0.258307053717784
caples,99,total_cwd,0,0,0
caples,99,total_fuel,1.07555367206478,1.33386072578256,-0.258307053717784
caples,99,litter_depth_cm,4.375,0.416666666666667,3.95833333333333
caples,99,duff_depth_cm,5.625,0.333333333333334,5.29166666666667
caples,99,fuel_depth_cm,9.1875,1.45833333333333,7.72916666666667
frenchmeadows,fm19-20,mass_1hr,0.385380837167967,0.00294183845166387,0.382438998716303
frenchmeadows,fm19-20,mass_10hr,2.44922662881406,0.0844560906487607,2.3647705381653
frenchmeadows,fm19-20,mass_100hr,2.01642569369014,0,2.01642569369014
frenchmeadows,fm19-20,total_fine,4.85103315967216,0.0873979291004246,4.76363523057174
frenchmeadows,fm19-20,total_cwd,1.81618561798347,0.145590464595216,1.67059515338825
frenchmeadows,fm19-20,total_fuel,6.66721877765563,0.232988393695641,6.43423038395999
frenchmeadows,fm19-20,litter_depth_cm,3.25,0.325,2.925
frenchmeadows,fm19-20,duff_depth_cm,3.25,0,3.25
frenchmeadows,fm19-3,mass_1hr,0.194161337809815,0.0191219499358151,0.175039387874
frenchmeadows,fm19-3,mass_10hr,1.29499338994766,0.0281520302162536,1.26684135973141
frenchmeadows,fm19-3,mass_100hr,1.12023649649452,0.112023649649452,1.00821284684507
frenchmeadows,fm19-3,total_fine,2.609391224252,0.159297629801521,2.45009359445048
frenchmeadows,fm19-3,total_cwd,14.6846213145595,6.4706462576823,8.21397505687722
frenchmeadows,fm19-3,total_fuel,17.2940125388115,6.62994388748382,10.6640686513277
frenchmeadows,fm19-3,litter_depth_cm,3.13125,1,2.13125
frenchmeadows,fm19-3,duff_depth_cm,7.125,1,6.125
frenchmeadows,fm19-6,mass_1hr,0.0279474652908068,0.0132382730324874,0.0147091922583193
frenchmeadows,fm19-6,mass_10hr,0.506736543892564,0.0563040604325072,0.450432483460057
frenchmeadows,fm19-6,mass_100hr,0.224047299298904,0,0.224047299298904
frenchmeadows,fm19-6,total_fine,0.758731308482275,0.0695423334649946,0.68918897501728
frenchmeadows,fm19-6,total_cwd,0,0,0
frenchmeadows,fm19-6,total_fuel,0.758731308482275,0.0695423334649946,0.68918897501728
frenchmeadows,fm19-6,litter_depth_cm,1.38125,2,-0.61875
frenchmeadows,fm19-6,duff_depth_cm,1.125,1.0375,0.0874999999999999
frenchmeadows,fm19-7,mass_1hr,0.194161337809815,0.0706041228399329,0.123557214969883
frenchmeadows,fm19-7,mass_10hr,1.2105372992989,0.39412842302755,0.816408876271354
frenchmeadows,fm19-7,mass_100hr,0.56011824824726,0.336070948948356,0.224047299298904
frenchmeadows,fm19-7,total_fine,1.96481688535598,0.800803494815839,1.16401339054014
frenchmeadows,fm19-7,total_cwd,4.61356720971101,4.47672202683005,0.136845182880952
frenchmeadows,fm19-7,total_fuel,6.57838409506699,5.27752552164589,1.30085857342109
frenchmeadows,fm19-7,litter_depth_cm,2.56875,10.1875,-7.61875
frenchmeadows,fm19-7,duff_depth_cm,2.31875,3.5625,-1.24375
frenchmeadows,fm38,mass_1hr,0.0985515881307396,0.0838423958724203,0.0147091922583193
frenchmeadows,fm38,mass_10hr,0.760104815838847,0.337824362595043,0.422280453243804
frenchmeadows,fm38,mass_100hr,1.34428379579342,0.672141897896712,0.672141897896712
frenchmeadows,fm38,total_fine,2.20294019976301,1.09380865636417,1.10913154339883
frenchmeadows,fm38,total_cwd,2.62395403322495,3.57706656709786,-0.953112533872911
frenchmeadows,fm38,total_fuel,4.82689423298796,4.67087522346203,0.156019009525924
frenchmeadows,fm38,litter_depth_cm,3.15,1.9125,1.2375
frenchmeadows,fm38,duff_depth_cm,3.4,2,1.4
frenchmeadows,fm38,fuel_depth_cm,11.375,1.8875,9.4875
frenchmeadows,fm39,mass_1hr,0.0809005574207564,0.00147091922583193,0.0794296381949245
frenchmeadows,fm39,mass_10hr,0.365976392811296,0.0844560906487607,0.281520302162536
frenchmeadows,fm39,mass_100hr,0.112023649649452,0,0.112023649649452
frenchmeadows,fm39,total_fine,0.558900599881505,0.0859270098745927,0.472973590006912
frenchmeadows,fm39,total_cwd,3.79138755558828,1.23419327854828,2.55719427704
frenchmeadows,fm39,total_fuel,4.35028815546978,1.32012028842287,3.03016786704691
frenchmeadows,fm39,litter_depth_cm,2.15625,0.8375,1.31875
frenchmeadows,fm39,duff_depth_cm,3.375,0.4875,2.8875
frenchmeadows,fm39,fuel_depth_cm,20.875,2.3125,18.5625
frenchmeadows,fm40,mass_1hr,0.35743337187716,0.0573658498074454,0.300067522069715
frenchmeadows,fm40,mass_10hr,0.929016997136368,0.422280453243804,0.506736543892564
frenchmeadows,fm40,mass_100hr,0.672141897896712,0.224047299298904,0.448094598597808
frenchmeadows,fm40,total_fine,1.95859226691024,0.703693602350153,1.25489866456009
frenchmeadows,fm40,total_cwd,2.96572826472712,2.04390166825454,0.921826596472586
frenchmeadows,fm40,total_fuel,4.92432053163736,2.74759527060469,2.17672526103267
frenchmeadows,fm40,litter_depth_cm,2.625,2.1375,0.4875
frenchmeadows,fm40,duff_depth_cm,3.5625,0.4375,3.125
frenchmeadows,fm40,fuel_depth_cm,10.8625,1.8,9.0625
frenchmeadows,fm46,mass_1hr,0.22799248000395,0.0147091922583193,0.213283287745631
frenchmeadows,fm46,mass_10hr,0.563040604325072,0,0.563040604325072
frenchmeadows,fm46,mass_100hr,0.784165547546164,0.112023649649452,0.672141897896712
frenchmeadows,fm46,total_fine,1.57519863187519,0.126732841907771,1.44846578996741
frenchmeadows,fm46,total_cwd,0.906060454790532,0.299064000031459,0.606996454759073
frenchmeadows,fm46,total_fuel,2.48125908666572,0.42579684193923,2.05546224472649
frenchmeadows,fm46,litter_depth_cm,2.0625,1.025,1.0375
frenchmeadows,fm46,duff_depth_cm,1.90625,0.4375,1.46875
frenchmeadows,fm46,fuel_depth_cm,22.875,1.625,21.25
frenchmeadows,fm48,mass_1hr,0.0397148190974622,0.0044127576774958,0.0353020614199664
frenchmeadows,fm48,mass_10hr,0.39412842302755,0.0281520302162536,0.365976392811297
frenchmeadows,fm48,mass_100hr,2.12844934333959,0.672141897896712,1.45630744544288
frenchmeadows,fm48,total_fine,2.5622925854646,0.704706685790461,1.85758589967414
frenchmeadows,fm48,total_cwd,4.5483471157997,1.62733064349902,2.92101647230068
frenchmeadows,fm48,total_fuel,7.1106397012643,2.33203732928948,4.77860237197481
frenchmeadows,fm48,litter_depth_cm,3.45,0.5875,2.8625
frenchmeadows,fm48,duff_depth_cm,4.7625,0,4.7625
frenchmeadows,fm48,fuel_depth_cm,8.3,0.5125,7.7875
modoc,Modoc09,mass_1hr,0.0176510307099832,0.0382438998716303,-0.0205928691616471
modoc,Modoc09,mass_10hr,0.281520302162536,0.140760151081268,0.140760151081268
modoc,Modoc09,mass_100hr,0,0.336070948948356,-0.336070948948356
modoc,Modoc09,total_fine,0.299171332872519,0.515074999901254,-0.215903667028735
modoc,Modoc09,total_cwd,0.187133016197609,0.179832553560927,0.00730046263668227
modoc,Modoc09,total_fuel,0.486304349070128,0.694907553462181,-0.208603204392053
modoc,Modoc09,litter_depth_cm,1.3125,1.8125,-0.5
modoc,Modoc09,duff_depth_cm,0.1625,0,0.1625
modoc,Modoc09,fuel_depth_cm,1.275,1.95,-0.675
modoc,Modoc11,mass_1hr,0.0132382730324874,0.0044127576774958,0.00882551535499161
modoc,Modoc11,mass_10hr,0.112608120865014,0.281520302162536,-0.168912181297521
modoc,Modoc11,mass_100hr,0,0,0
modoc,Modoc11,total_fine,0.125846393897502,0.285933059840032,-0.16008666594253
modoc,Modoc11,total_cwd,0,0,0
modoc,Modoc11,total_fuel,0.125846393897502,0.285933059840032,-0.16008666594253
modoc,Modoc11,litter_depth_cm,1.9125,2.025,-0.1125
modoc,Modoc11,duff_depth_cm,0.175,0,0.175
modoc,Modoc11,fuel_depth_cm,1.425,1.975,-0.55
modoc,Modoc13,mass_1hr,0.0102964345808235,0.0470694152266219,-0.0367729806457984
modoc,Modoc13,mass_10hr,0.112608120865014,0.253368271946282,-0.140760151081268
modoc,Modoc13,mass_100hr,0,0.112023649649452,-0.112023649649452
modoc,Modoc13,total_fine,0.122904555445838,0.412461336822356,-0.289556781376518
modoc,Modoc13,total_cwd,0,0,0
modoc,Modoc13,total_fuel,0.122904555445838,0.412461336822356,-0.289556781376518
modoc,Modoc13,litter_depth_cm,1.9125,1.8875,0.0249999999999999
modoc,Modoc13,duff_depth_cm,0.175,0.325,-0.15
modoc,Modoc13,fuel_depth_cm,1.4875,1.7,-0.2125
modoc,Modoc15,mass_1hr,0.0176510307099832,0.0044127576774958,0.0132382730324874
modoc,Modoc15,mass_10hr,0.337824362595043,0.0844560906487607,0.253368271946282
modoc,Modoc15,mass_100hr,0.224047299298904,0.112023649649452,0.112023649649452
modoc,Modoc15,total_fine,0.57952269260393,0.200892497975708,0.378630194628222
modoc,Modoc15,total_cwd,0.118369235597295,0.0965676178025798,0.0218016177947151
modoc,Modoc15,total_fuel,0.697891928201225,0.297460115778288,0.400431812422937
modoc,Modoc15,litter_depth_cm,1.25,1.3875,-0.1375
modoc,Modoc15,duff_depth_cm,0,0,0
modoc,Modoc15,fuel_depth_cm,9.5625,1.2875,8.275
modoc,Modoc16,mass_1hr,0.023534707613311,0.0308893037424706,-0.00735459612915967
modoc,Modoc16,mass_10hr,0.140760151081268,0.112608120865014,0.0281520302162536
modoc,Modoc16,mass_100hr,0.224047299298904,0.112023649649452,0.112023649649452
modoc,Modoc16,total_fine,0.388342157993483,0.255521074256937,0.132821083736546
modoc,Modoc16,total_cwd,0,0,0
modoc,Modoc16,total_fuel,0.388342157993483,0.255521074256937,0.132821083736546
modoc,Modoc16,litter_depth_cm,1.125,0.65,0.475
modoc,Modoc16,duff_depth_cm,0.2625,0,0.2625
modoc,Modoc16,fuel_depth_cm,1.1125,0.9125,0.2
modoc,Modoc17,mass_1hr,0.175039387874,0.0117673538066555,0.163272034067345
modoc,Modoc17,mass_10hr,0.478584513676311,0.309672332378789,0.168912181297521
modoc,Modoc17,mass_100hr,0.112023649649452,0.112023649649452,0
modoc,Modoc17,total_fine,0.765647551199763,0.433463335834897,0.332184215364866
modoc,Modoc17,total_cwd,0,0,0
modoc,Modoc17,total_fuel,0.765647551199763,0.433463335834897,0.332184215364866
modoc,Modoc17,litter_depth_cm,1.25,2.0375,-0.7875
modoc,Modoc17,duff_depth_cm,0,0.0625,-0.0625
modoc,Modoc17,fuel_depth_cm,9.9625,1.6,8.3625
modoc,Modoc18,mass_1hr,0.0691332036141009,0.044127576774958,0.0250056268391429
modoc,Modoc18,mass_10hr,0.281520302162536,0.225216241730029,0.0563040604325072
modoc,Modoc18,mass_100hr,0.336070948948356,0.112023649649452,0.224047299298904
modoc,Modoc18,total_fine,0.686724454724993,0.381367468154439,0.305356986570554
modoc,Modoc18,total_cwd,0,0,0
modoc,Modoc18,total_fuel,0.686724454724993,0.381367468154439,0.305356986570554
modoc,Modoc18,litter_depth_cm,2.325,2.6375,-0.3125
modoc,Modoc18,duff_depth_cm,0.875,0.5625,0.3125
modoc,Modoc18,fuel_depth_cm,2.325,2.1625,0.1625
modoc,Modoc19,mass_1hr,0.0102964345808235,0.0191219499358152,-0.00882551535499161
modoc,Modoc19,mass_10hr,0.253368271946282,0.168912181297521,0.0844560906487607
modoc,Modoc19,mass_100hr,0.336070948948356,0.224047299298904,0.112023649649452
modoc,Modoc19,total_fine,0.599735655475462,0.412081430532241,0.187654224943221
modoc,Modoc19,total_cwd,0,0,0
modoc,Modoc19,total_fuel,0.599735655475462,0.412081430532241,0.187654224943221
modoc,Modoc19,litter_depth_cm,2.1875,1.625,0.5625
modoc,Modoc19,duff_depth_cm,0.09375,0.4375,-0.34375
modoc,Modoc19,fuel_depth_cm,6.175,1.7875,4.3875
modoc,Modoc20,mass_1hr,0.0264765460649748,0.0205928691616471,0.00588367690332774
modoc,Modoc20,mass_10hr,0.0281520302162536,0.112608120865014,-0.0844560906487607
modoc,Modoc20,mass_100hr,0,0,0
modoc,Modoc20,total_fine,0.0546285762812284,0.133200990026661,-0.078572413745433
modoc,Modoc20,total_cwd,0,0,0
modoc,Modoc20,total_fuel,0.0546285762812284,0.133200990026661,-0.078572413745433
modoc,Modoc20,litter_depth_cm,2.625,2.775,-0.15
modoc,Modoc20,duff_depth_cm,2.1,0.875,1.225
modoc,Modoc20,fuel_depth_cm,2.275,2.275,0
modoc,Modoc21,mass_1hr,0.0353020614199664,0.0205928691616471,0.0147091922583194
modoc,Modoc21,mass_10hr,0.309672332378789,0.225216241730029,0.0844560906487608
modoc,Modoc21,mass_100hr,0.224047299298904,0.336070948948356,-0.112023649649452
modoc,Modoc21,total_fine,0.56902169309766,0.581880059840032,-0.0128583667423718
modoc,Modoc21,total_cwd,0.525209594783419,0.530136514059061,-0.00492691927564193
modoc,Modoc21,total_fuel,1.09423128788108,1.11201657389909,-0.0177852860180139
modoc,Modoc21,litter_depth_cm,2.375,2.775,-0.4
modoc,Modoc21,duff_depth_cm,0,0.7875,-0.7875
modoc,Modoc21,fuel_depth_cm,9.2125,2.2375,6.975
modoc,Modoc22,mass_1hr,0.023534707613311,0.022063788387479,0.00147091922583193
modoc,Modoc22,mass_10hr,0.365976392811296,0.197064211513775,0.168912181297521
modoc,Modoc22,mass_100hr,0,0.112023649649452,-0.112023649649452
modoc,Modoc22,total_fine,0.389511100424607,0.331151649550706,0.0583594508739014
modoc,Modoc22,total_cwd,0,0,0
modoc,Modoc22,total_fuel,0.389511100424607,0.331151649550706,0.0583594508739014
modoc,Modoc22,litter_depth_cm,2.275,1.9625,0.3125
modoc,Modoc22,duff_depth_cm,1.1375,1.95,-0.8125
modoc,Modoc22,fuel_depth_cm,2.3875,2.075,0.3125
modoc,Modoc23,mass_1hr,0.0102964345808235,0,0.0102964345808235
modoc,Modoc23,mass_10hr,0.197064211513775,0.253368271946282,-0.0563040604325072
modoc,Modoc23,mass_100hr,0.224047299298904,0.336070948948356,-0.112023649649452
modoc,Modoc23,total_fine,0.431407945393502,0.589439220894638,-0.158031275501136
modoc,Modoc23,total_cwd,0,0.238462892941064,-0.238462892941064
modoc,Modoc23,total_fuel,0.431407945393502,0.827902113835703,-0.3964941684422
modoc,Modoc23,litter_depth_cm,1.8,1.8375,-0.0375000000000001
modoc,Modoc23,duff_depth_cm,0.6875,0.5625,0.125
modoc,Modoc23,fuel_depth_cm,1.7,2.075,-0.375
modoc,Modoc24,mass_1hr,0.023534707613311,0.00294183845166387,0.0205928691616471
modoc,Modoc24,mass_10hr,0.281520302162536,0.281520302162536,0
modoc,Modoc24,mass_100hr,0.448094598597808,0.336070948948356,0.112023649649452
modoc,Modoc24,total_fine,0.753149608373655,0.620533089562556,0.132616518811099
modoc,Modoc24,total_cwd,0.531614589841753,0.371612886365285,0.160001703476468
modoc,Modoc24,total_fuel,1.28476419821541,0.99214597592784,0.292618222287567
modoc,Modoc24,litter_depth_cm,2.0625,2.1875,-0.125
modoc,Modoc24,duff_depth_cm,0,0,0
modoc,Modoc24,fuel_depth_cm,5.9375,1.7625,4.175
slypark,spi1,mass_1hr,0.0338311421941345,0.0411857383232942,-0.00735459612915967
slypark,spi1,mass_10hr,0.872712936703861,0.422280453243804,0.450432483460057
slypark,spi1,mass_100hr,0.672141897896712,0,0.672141897896712
slypark,spi1,total_fine,1.57868597679471,0.463466191567098,1.11521978522761
slypark,spi1,total_cwd,0.293644388828253,0,0.293644388828253
slypark,spi1,total_fuel,1.87233036562296,0.463466191567098,1.40886417405586
slypark,spi1,litter_depth_cm,2.8875,2.1875,0.7
slypark,spi1,duff_depth_cm,4.375,2.75,1.625
slypark,spi10,mass_1hr,0.0264765460649748,0.0132382730324874,0.0132382730324874
slypark,spi10,mass_10hr,0.112608120865014,0.140760151081268,-0.0281520302162536
slypark,spi10,mass_100hr,0,0.336070948948356,-0.336070948948356
slypark,spi10,total_fine,0.139084666929989,0.490069373062111,-0.350984706132122
slypark,spi10,total_cwd,0.0865598130239323,0,0.0865598130239323
slypark,spi10,total_fuel,0.225644479953921,0.490069373062111,-0.26442489310819
slypark,spi10,litter_depth_cm,4.375,2.5625,1.8125
slypark,spi10,duff_depth_cm,2.13125,2.9375,-0.80625
slypark,spi11,mass_1hr,0.0500112536782858,0.0279474652908068,0.022063788387479
slypark,spi11,mass_10hr,0.225216241730029,0.337824362595043,-0.112608120865014
slypark,spi11,mass_100hr,0.112023649649452,0.224047299298904,-0.112023649649452
slypark,spi11,total_fine,0.387251145057766,0.589819127184754,-0.202567982126987
slypark,spi11,total_cwd,0.0831417627764558,0,0.0831417627764558
slypark,spi11,total_fuel,0.470392907834222,0.589819127184754,-0.119426219350531
slypark,spi11,litter_depth_cm,4.5,2.75,1.75
slypark,spi11,duff_depth_cm,2.0125,2.25,-0.2375
slypark,spi2,mass_1hr,0.0161801114841513,0.00588367690332774,0.0102964345808235
slypark,spi2,mass_10hr,0.957169027352622,0.872712936703861,0.0844560906487607
slypark,spi2,mass_100hr,0.784165547546164,0.56011824824726,0.224047299298904
slypark,spi2,total_fine,1.75751468638294,1.43871486185445,0.318799824528488
slypark,spi2,total_cwd,1.08893291754453,0,1.08893291754453
slypark,spi2,total_fuel,2.84644760392747,1.43871486185445,1.40773274207302
slypark,spi2,litter_depth_cm,5.625,2.1875,3.4375
slypark,spi2,duff_depth_cm,3.1375,2.75,0.3875
slypark,spi3,mass_1hr,0.186806741680656,0.0750168805174286,0.111789861163227
slypark,spi3,mass_10hr,0.816408876271354,0.39412842302755,0.422280453243804
slypark,spi3,mass_100hr,1.68035474474178,1.56833109509233,0.112023649649452
slypark,spi3,total_fine,2.68357036269379,2.03747639863731,0.646093964056483
slypark,spi3,total_cwd,0.0399080461326988,0,0.0399080461326988
slypark,spi3,total_fuel,2.72347840882649,2.03747639863731,0.686002010189181
slypark,spi3,litter_depth_cm,2.26875,0.625,1.64375
slypark,spi3,duff_depth_cm,2.51875,0.75,1.76875
slypark,spi4,mass_1hr,0.101493426582403,0.0514821729041177,0.0500112536782858
slypark,spi4,mass_10hr,1.1542332388664,0.450432483460057,0.703800755406339
slypark,spi4,mass_100hr,2.12844934333959,0.672141897896712,1.45630744544288
slypark,spi4,total_fine,3.38417600878839,1.17405655426089,2.2101194545275
slypark,spi4,total_cwd,0.190818351815789,0,0.190818351815789
slypark,spi4,total_fuel,3.57499436060418,1.17405655426089,2.40093780634329
slypark,spi4,litter_depth_cm,0.90625,0.125,0.78125
slypark,spi4,duff_depth_cm,2.4625,0.25,2.2125
slypark,spi5,mass_1hr,0.195632257035647,0.0250056268391429,0.170626630196504
slypark,spi5,mass_10hr,1.46390557124519,0.365976392811296,1.09792917843389
slypark,spi5,mass_100hr,2.12844934333959,0.112023649649452,2.01642569369014
slypark,spi5,total_fine,3.78798717162042,0.503005669299891,3.28498150232053
slypark,spi5,total_cwd,0,0,0
slypark,spi5,total_fuel,3.78798717162042,0.503005669299891,3.28498150232053
slypark,spi5,litter_depth_cm,3.75625,1.375,2.38125
slypark,spi5,duff_depth_cm,3.75,1.9375,1.8125
slypark,spi6,mass_1hr,0.114731699614891,0.113260780389059,0.00147091922583194
slypark,spi6,mass_10hr,1.54836166189395,0.619344664757579,0.929016997136368
slypark,spi6,mass_100hr,2.35249664263849,1.34428379579342,1.00821284684507
slypark,spi6,total_fine,4.01559000414733,2.07688924094006,1.93870076320727
slypark,spi6,total_cwd,0.0947742191862462,0,0.0947742191862462
slypark,spi6,total_fuel,4.11036422333357,2.07688924094006,2.03347498239351
slypark,spi6,litter_depth_cm,1.51875,1.875,-0.35625
slypark,spi6,duff_depth_cm,6.9375,1.9375,5
slypark,spi7,mass_1hr,0.00147091922583193,0.0044127576774958,-0.00294183845166387
slypark,spi7,mass_10hr,0.140760151081268,0.450432483460057,-0.309672332378789
slypark,spi7,mass_100hr,0.784165547546164,0.784165547546164,0
slypark,spi7,total_fine,0.926396617853264,1.23901078868372,-0.312614170830453
slypark,spi7,total_cwd,0.399634739745498,0,0.399634739745498
slypark,spi7,total_fuel,1.32603135759876,1.23901078868372,0.0870205689150445
slypark,spi7,litter_depth_cm,5.8125,1.8125,4
slypark,spi7,duff_depth_cm,5.1875,6.125,-0.9375
slypark,spi8,mass_1hr,0.0139737326454034,0.0102964345808235,0.00367729806457984
slypark,spi8,mass_10hr,0.182988196405648,0.197064211513775,-0.0140760151081268
slypark,spi8,mass_100hr,0.392082773773082,0,0.392082773773082
slypark,spi8,total_fine,0.589044702824134,0.207360646094599,0.381684056729535
slypark,spi8,total_cwd,0.0177369093923106,0,0.0177369093923106
slypark,spi8,total_fuel,0.606781612216444,0.207360646094599,0.399420966121846
slypark,spi8,litter_depth_cm,5.5,4.5,1
slypark,spi8,duff_depth_cm,3.3125,4,-0.6875
springsfire,springs01,mass_1hr,0.00588367690332774,0.00294183845166387,0.00294183845166387
springsfire,springs01,mass_10hr,0.478584513676311,0.112608120865014,0.365976392811296
springsfire,springs01,mass_100hr,0.448094598597808,0,0.448094598597808
springsfire,springs01,total_fine,0.932562789177446,0.115549959316678,0.817012829860768
springsfire,springs01,total_cwd,0.771062866637946,0.58778146958407,0.183281397053876
springsfire,springs01,total_fuel,1.70362565581539,0.703331428900748,1.00029422691464
springsfire,springs01,litter_depth_cm,3.88125,0.40625,3.475
springsfire,springs01,duff_depth_cm,3.38125,0.50625,2.875
springsfire,springs02,mass_1hr,0.0573658498074454,0.0264765460649748,0.0308893037424706
springsfire,springs02,mass_10hr,0.281520302162536,0.168912181297521,0.112608120865014
springsfire,springs02,mass_100hr,0.784165547546164,0.56011824824726,0.224047299298904
springsfire,springs02,total_fine,1.12305169951614,0.755506975609756,0.367544723906389
springsfire,springs02,total_cwd,0.585116006255948,0,0.585116006255948
springsfire,springs02,total_fuel,1.70816770577209,0.755506975609756,0.952660730162336
springsfire,springs02,litter_depth_cm,1.15,1.2625,-0.1125
springsfire,springs02,duff_depth_cm,1.5125,0.2625,1.25
springsfire,springs03,mass_1hr,0.00588367690332774,0.00147091922583193,0.0044127576774958
springsfire,springs03,mass_10hr,0.281520302162536,0.0844560906487607,0.197064211513775
springsfire,springs03,mass_100hr,0.672141897896712,0.112023649649452,0.56011824824726
springsfire,springs03,total_fine,0.959545876962575,0.197950659524045,0.761595217438531
springsfire,springs03,total_cwd,0,0,0
springsfire,springs03,total_fuel,0.959545876962575,0.197950659524045,0.761595217438531
springsfire,springs03,litter_depth_cm,1.63125,0.76875,0.8625
springsfire,springs03,duff_depth_cm,1.13125,0.625,0.50625
springsfire,springs04,mass_1hr,0.0191219499358151,0.00735459612915967,0.0117673538066555
springsfire,springs04,mass_10hr,0.140760151081268,0.112608120865014,0.0281520302162536
springsfire,springs04,mass_100hr,0.784165547546164,0.336070948948356,0.448094598597808
springsfire,springs04,total_fine,0.944047648563247,0.45603366594253,0.488013982620717
springsfire,springs04,total_cwd,0.094502006896267,0.0709476375692423,0.0235543693270247
springsfire,springs04,total_fuel,1.03854965545951,0.526981303511772,0.511568351947742
springsfire,springs04,litter_depth_cm,0.89375,1.5125,-0.61875
springsfire,springs04,duff_depth_cm,0.38125,0.13125,0.25
springsfire,springs11,mass_1hr,0.00735459612915967,0,0.00735459612915967
springsfire,springs11,mass_10hr,0.450432483460057,0.281520302162536,0.168912181297521
springsfire,springs11,mass_100hr,1.12023649649452,0.448094598597808,0.672141897896712
springsfire,springs11,total_fine,1.57802357608374,0.729614900760344,0.848408675323393
springsfire,springs11,total_cwd,1.84516206197334,0.136973282782118,1.70818877919122
springsfire,springs11,total_fuel,3.42318563805707,0.866588183542462,2.55659745451461
springsfire,springs11,litter_depth_cm,2.0125,1.0125,1
springsfire,springs11,duff_depth_cm,1.13125,0.13125,1
springsfire,springs12,mass_1hr,0.0191219499358151,0.00294183845166387,0.0161801114841513
springsfire,springs12,mass_10hr,0.365976392811296,0.225216241730029,0.140760151081268
springsfire,springs12,mass_100hr,0.448094598597808,0.448094598597808,0
springsfire,springs12,total_fine,0.833192941344919,0.6762526787795,0.156940262565419
springsfire,springs12,total_cwd,1.80481428829529,0.0355969917665122,1.76921729652878
springsfire,springs12,total_fuel,2.63800722964021,0.711849670546012,1.92615755909419
springsfire,springs12,litter_depth_cm,1.3875,0.2875,1.1
springsfire,springs12,duff_depth_cm,1.0125,0,1.0125
springsfire,springs13,mass_1hr,0.0205928691616471,0.00294183845166387,0.0176510307099832
springsfire,springs13,mass_10hr,0.365976392811296,0.197064211513775,0.168912181297521
springsfire,springs13,mass_100hr,2.24047299298904,0.448094598597808,1.79237839439123
springsfire,springs13,total_fine,2.62704225496198,0.648100648563247,1.97894160639874
springsfire,springs13,total_cwd,6.97503961852613,0.121448560144571,6.85359105838156
springsfire,springs13,total_fuel,9.60208187348812,0.769549208707818,8.8325326647803
springsfire,springs13,litter_depth_cm,0.8875,1.4375,-0.55
springsfire,springs13,duff_depth_cm,0.75,0.2625,0.4875
springsfire,springs14,mass_1hr,0.0176510307099832,0,0.0176510307099832
springsfire,springs14,mass_10hr,0.39412842302755,0.197064211513775,0.197064211513775
springsfire,springs14,mass_100hr,0.448094598597808,0.56011824824726,-0.112023649649452
springsfire,springs14,total_fine,0.859874052335341,0.757182459761035,0.102691592574306
springsfire,springs14,total_cwd,0,0.523613272938111,-0.523613272938111
springsfire,springs14,total_fuel,0.859874052335341,1.28079573269915,-0.420921680363804
springsfire,springs14,litter_depth_cm,0.3875,1.33125,-0.94375
springsfire,springs14,duff_depth_cm,0.38125,0.00625,0.375
springsfire,springs15,mass_1hr,0.023534707613311,0.037263287054409,-0.0137285794410981
springsfire,springs15,mass_10hr,0.365976392811296,0.300288322306705,0.0656880705045917
springsfire,springs15,mass_100hr,2.01642569369014,0.746824330996346,1.26960136269379
springsfire,springs15,total_fine,2.40593679411474,1.08437594035746,1.32156085375728
springsfire,springs15,total_cwd,0.0315322833641077,0,0.0315322833641077
springsfire,springs15,total_fuel,2.43746907747885,1.08437594035746,1.35309313712139
springsfire,springs15,litter_depth_cm,1.69375,0.85,0.84375
springsfire,springs15,duff_depth_cm,0.28125,0,0.28125
springsfire,springs16,mass_1hr,0.0102964345808235,0.00882551535499161,0.00147091922583193
springsfire,springs16,mass_10hr,0.309672332378789,0.337824362595043,-0.0281520302162536
springsfire,springs16,mass_100hr,0.56011824824726,0.336070948948356,0.224047299298904
springsfire,springs16,total_fine,0.880087015206873,0.68272082689839,0.197366188308482
springsfire,springs16,total_cwd,0,0.0831417627764558,-0.0831417627764558
springsfire,springs16,total_fuel,0.880087015206873,0.765862589674846,0.114224425532026
springsfire,springs16,litter_depth_cm,1.38125,1.51875,-0.1375
springsfire,springs16,duff_depth_cm,0.375,0,0.375
springsfire,springs17,mass_1hr,0.00147091922583193,0.00294183845166387,-0.00147091922583193
springsfire,springs17,mass_10hr,0.140760151081268,0.337824362595043,-0.197064211513775
springsfire,springs17,mass_100hr,0.448094598597808,0.784165547546164,-0.336070948948356
springsfire,springs17,total_fine,0.590325668904908,1.12493174859287,-0.534606079687963
springsfire,springs17,total_cwd,0,0.136106144989605,-0.136106144989605
springsfire,springs17,total_fuel,0.590325668904908,1.26103789358248,-0.670712224677569
springsfire,springs17,litter_depth_cm,0.65625,0.78125,-0.125
springsfire,springs17,duff_depth_cm,0.2625,0,0.2625
springsfire,springs18,mass_1hr,0.0191219499358151,0.0117673538066555,0.00735459612915967
springsfire,springs18,mass_10hr,0.39412842302755,0.0563040604325072,0.337824362595043
springsfire,springs18,mass_100hr,0.784165547546164,0.112023649649452,0.672141897896712
springsfire,springs18,total_fine,1.19741592050953,0.180095063888615,1.01732085662091
springsfire,springs18,total_cwd,0.751971054444834,0.384299703500063,0.367671350944771
springsfire,springs18,total_fuel,1.94938697495436,0.564394767388677,1.38499220756569
springsfire,springs18,litter_depth_cm,1.8875,0.98125,0.90625
springsfire,springs18,duff_depth_cm,1.0625,0.00625,1.05625
springsfire,springs19,mass_1hr,0.0044127576774958,0.0132382730324874,-0.00882551535499161
springsfire,springs19,mass_10hr,0.112608120865014,0.140760151081268,-0.0281520302162536
springsfire,springs19,mass_100hr,0.784165547546164,0.448094598597808,0.336070948948356
springsfire,springs19,total_fine,0.901186426088674,0.602093022711563,0.299093403377111
springsfire,springs19,total_cwd,0.818361291684107,0.184389953890895,0.633971337793212
springsfire,springs19,total_fuel,1.71954771777278,0.786482976602459,0.933064741170323
springsfire,springs19,litter_depth_cm,1.94375,1.06875,0.875
springsfire,springs19,duff_depth_cm,1.875,0.1875,1.6875
springsfire,springs20,mass_1hr,0.0102964345808235,0.00294183845166387,0.00735459612915967
springsfire,springs20,mass_10hr,0.365976392811296,0.0281520302162536,0.337824362595043
springsfire,springs20,mass_100hr,0.672141897896712,0.224047299298904,0.448094598597808
springsfire,springs20,total_fine,1.04841472528883,0.255141167966821,0.79327355732201
springsfire,springs20,total_cwd,0.716496003930394,0,0.716496003930394
springsfire,springs20,total_fuel,1.76491072921923,0.255141167966821,1.5097695612524
springsfire,springs20,litter_depth_cm,1.4375,0.64375,0.79375
springsfire,springs20,duff_depth_cm,1.25625,0,1.25625
springsfire,springs21,mass_1hr,0.0147091922583193,0.0044127576774958,0.0102964345808235
springsfire,springs21,mass_10hr,0.225216241730029,0,0.225216241730029
springsfire,springs21,mass_100hr,0.448094598597808,0,0.448094598597808
springsfire,springs21,total_fine,0.688020032586156,0.0044127576774958,0.68360727490866
springsfire,springs21,total_cwd,1.29553342353002,0,1.29553342353002
springsfire,springs21,total_fuel,1.98355345611617,0.0044127576774958,1.97914069843868
springsfire,springs21,litter_depth_cm,3.375,0.88125,2.49375
springsfire,springs21,duff_depth_cm,1.125,0.38125,0.74375
springsfire,springs22,mass_1hr,0.0264765460649748,0,0.0264765460649748
springsfire,springs22,mass_10hr,0.450432483460057,0.337824362595043,0.112608120865014
springsfire,springs22,mass_100hr,0.672141897896712,0.336070948948356,0.336070948948356
springsfire,springs22,total_fine,1.14905092742174,0.673895311543399,0.475155615878345
springsfire,springs22,total_cwd,0.293644388828253,0.197076771025673,0.0965676178025798
springsfire,springs22,total_fuel,1.44269531625,0.870972082569072,0.571723233680925
springsfire,springs22,litter_depth_cm,0.40625,1.36875,-0.9625
springsfire,springs22,duff_depth_cm,2.375,0.025,2.35
springsfire,springs23,mass_1hr,0.00147091922583193,0.0176510307099832,-0.0161801114841513
springsfire,springs23,mass_10hr,0.168912181297521,0.281520302162536,-0.112608120865014
springsfire,springs23,mass_100hr,0.112023649649452,0.112023649649452,0
springsfire,springs23,total_fine,0.282406750172805,0.411194982521971,-0.128788232349166
springsfire,springs23,total_cwd,0,0,0
springsfire,springs23,total_fuel,0.282406750172805,0.411194982521971,-0.128788232349166
springsfire,springs23,litter_depth_cm,4.125,1.2625,2.8625
springsfire,springs23,duff_depth_cm,0,0.75,-0.75
springsfire,springs24,mass_1hr,0.00294183845166387,0.00882551535499161,-0.00588367690332774
springsfire,springs24,mass_10hr,0.0844560906487607,0.168912181297521,-0.0844560906487607
springsfire,springs24,mass_100hr,0.224047299298904,0.112023649649452,0.112023649649452
springsfire,springs24,total_fine,0.311445228399329,0.289761346301965,0.0216838820973635
springsfire,springs24,total_cwd,0.128099901166687,0.0399080461326988,0.0881918550339887
springsfire,springs24,total_fuel,0.439545129566016,0.329669392434664,0.109875737131352
springsfire,springs24,litter_depth_cm,3.0625,0.76875,2.29375
springsfire,springs24,duff_depth_cm,0.9,0.00625,0.89375
springsfire,springs25,mass_1hr,0.0411857383232942,0,0.0411857383232942
springsfire,springs25,mass_10hr,0.506736543892564,0.112608120865014,0.39412842302755
springsfire,springs25,mass_100hr,0.112023649649452,0.336070948948356,-0.224047299298904
springsfire,springs25,total_fine,0.659945931865311,0.44867906981337,0.21126686205194
springsfire,springs25,total_cwd,0.896083443257357,0.0492691927564183,0.846814250500939
springsfire,springs25,total_fuel,1.55602937512267,0.497948262569788,1.05808111255288
springsfire,springs25,litter_depth_cm,1.1375,0.4,0.7375
springsfire,springs25,duff_depth_cm,1.5,0,1.5
springsfire,springs26,mass_1hr,0.0250056268391429,0.0147091922583193,0.0102964345808235
springsfire,springs26,mass_10hr,0.731952785622593,0.168912181297521,0.563040604325072
springsfire,springs26,mass_100hr,0.56011824824726,0.224047299298904,0.336070948948356
springsfire,springs26,total_fine,1.317076660709,0.407668672854745,0.909407987854251
springsfire,springs26,total_cwd,0.487025970397195,0.288835715615226,0.198190254781968
springsfire,springs26,total_fuel,1.80410263110619,0.696504388469971,1.10759824263622
springsfire,springs26,litter_depth_cm,2.075,0.40625,1.66875
springsfire,springs26,duff_depth_cm,2.38125,1.125,1.25625
springsfire,springs27,mass_1hr,0.04559849600079,0.0044127576774958,0.0411857383232942
springsfire,springs27,mass_10hr,0.450432483460057,0.112608120865014,0.337824362595043
springsfire,springs27,mass_100hr,0,0,0
springsfire,springs27,total_fine,0.496030979460847,0.11702087854251,0.379010100918337
springsfire,springs27,total_cwd,0,0,0
springsfire,springs27,total_fuel,0.496030979460847,0.11702087854251,0.379010100918337
springsfire,springs27,litter_depth_cm,2.25625,0.78125,1.475
springsfire,springs27,duff_depth_cm,1.64375,0.125,1.51875
springsfire,springs28,mass_1hr,0.00882551535499161,0,0.00882551535499161
springsfire,springs28,mass_10hr,0.0281520302162536,0.0281520302162536,0
springsfire,springs28,mass_100hr,0.784165547546164,0,0.784165547546164
springsfire,springs28,total_fine,0.821143093117409,0.0281520302162536,0.792991062901155
springsfire,springs28,total_cwd,0,0,0
springsfire,springs28,total_fuel,0.821143093117409,0.0281520302162536,0.792991062901155
springsfire,springs28,litter_depth_cm,1.875,0.4125,1.4625
springsfire,springs28,duff_depth_cm,0,0.25,-0.25
springsfire,springs29,mass_1hr,0.00588367690332774,0.0044127576774958,0.00147091922583193
springsfire,springs29,mass_10hr,0.39412842302755,0.337824362595043,0.0563040604325072
springsfire,springs29,mass_100hr,0.672141897896712,0,0.672141897896712
springsfire,springs29,total_fine,1.07215399782759,0.342237120272539,0.729916877555051
springsfire,springs29,total_cwd,0.108884915991684,0,0.108884915991684
springsfire,springs29,total_fuel,1.18103891381927,0.342237120272539,0.838801793546735
springsfire,springs29,litter_depth_cm,2.075,0.2875,1.7875
springsfire,springs29,duff_depth_cm,0.025,0.5,-0.475
springsfire,springs30,mass_1hr,0.00147091922583193,0.00147091922583193,0
springsfire,springs30,mass_10hr,0.422280453243804,0.112608120865014,0.309672332378789
springsfire,springs30,mass_100hr,0.336070948948356,0,0.336070948948356
springsfire,springs30,total_fine,0.759822321417992,0.114079040090846,0.645743281327145
springsfire,springs30,total_cwd,0.0315322833641077,0,0.0315322833641077
springsfire,springs30,total_fuel,0.791354604782099,0.114079040090846,0.677275564691253
springsfire,springs30,litter_depth_cm,3,0.2875,2.7125
springsfire,springs30,duff_depth_cm,2,0.75,1.25
