site_plotid,sec_plot_x1h,sec_plot_x10h,sec_plot_x100h,sec_plot_x1000h
antelope_ANTELOPE01,1.03,1.03,1.04,1.05
antelope_ANTELOPE02,1.03,1.03,1.04,1.05
antelope_ANTELOPE03,1.03,1.03,1.04,1.05
antelope_ANTELOPE04,1.0272548602260967,1.0245097204521934,1.03176458067829,1.05
antelope_ANTELOPE05,1.03,1.03,1.04,1.05
antelope_ANTELOPE06,1.03,1.03,1.04,1.05
antelope_ANTELOPE07,1.03,1.03,1.04,1.05
antelope_ANTELOPE08,1.03,1.03,1.04,1.05
antelope_ANTELOPE09,1.03,1.03,1.04,1.05
antelope_ANTELOPE10,1.03,1.03,1.04,1.05
antelope_ANTELOPE11,1.03,1.03,1.04,1.05
antelope_ANTELOPE12,1.03,1.03,1.04,1.05
antelope_ANTELOPE13,1.03,1.03,1.04,1.05
antelope_ANTELOPE14,1.03,1.03,1.04,1.05
antelope_ANTELOPE15,1.03,1.03,1.04,1.05
antelope_ANTELOPE16,1.03,1.03,1.04,1.05
antelope_ANTELOPE17,1.03,1.03,1.04,1.05
antelope_ANTELOPE18,1.03,1.03,1.04,1.05
antelope_ANTELOPE19,1.03,1.03,1.04,1.05
bearmountain_BM01,1.0265538639159124,1.0234461360840876,1.02,1.0165538639159126
bearmountain_BM01,1.0265753994489137,1.0234246005510865,1.02,1.0165753994489137
bearmountain_BM02,1.023394872747812,1.0266051272521879,1.02,1.013394872747812
bearmountain_BM02,1.0234999785304832,1.0265000214695168,1.02,1.0134999785304832
bearmountain_BM03,1.03,1.02,1.0282672660509387,1.0365345321018775
bearmountain_BM03,1.03,1.02,1.0275600494041126,1.0351200988082254
bearmountain_BM04,1.0254904267038625,1.0245095732961376,1.02,1.0154904267038625
bearmountain_BM04,1.026342145482408,1.0236578545175923,1.02,1.0163421454824078
bearmountain_BM05,1.024698298929311,1.025301701070689,1.02,1.0146982989293107
bearmountain_BM05,1.03,1.02,1.02,1.02
bearmountain_BM06,1.03,1.02,1.02,1.02
bearmountain_BM06,1.03,1.02,1.02,1.02
bearmountain_BM07,1.0266281233092218,1.0233718766907782,1.02,1.0166281233092218
bearmountain_BM07,1.0268086544688884,1.0231913455311115,1.02,1.0168086544688886
bearmountain_BM08,1.027139224867625,1.0228607751323753,1.02,1.017139224867625
bearmountain_BM10,1.0220591780031871,1.027940821996813,1.02,1.0120591780031871
bearmountain_BM10,1.0220938904460024,1.0279061095539976,1.02,1.0120938904460024
bearmountain_BM11,1.0274683869512364,1.0225316130487636,1.02,1.0174683869512364
bearmountain_BM11,1.0274132279614996,1.0225867720385005,1.02,1.0174132279614994
bearmountain_BM12,1.0320283202472724,1.0360141601236361,1.026014160123636,1.0220283202472724
bearmountain_BM12,1.0319058687360128,1.0359529343680063,1.0259529343680063,1.0219058687360127
bearmountain_BM13,1.0246124528770868,1.025387547122913,1.02,1.0146124528770868
bearmountain_BM13,1.0256826958710847,1.024317304128915,1.02,1.0156826958710847
bearmountain_BM14,1.0281550706188545,1.0218449293811454,1.02,1.0181550706188547
bearmountain_BM14,1.0282398754533915,1.0217601245466084,1.02,1.0182398754533915
bearmountain_BM15,1.0219291015548688,1.0280708984451312,1.02,1.0119291015548688
bearmountain_BM15,1.0220764170881718,1.0279235829118283,1.02,1.0120764170881718
bearmountain_BM16,1.0285869935487761,1.0265736690582419,1.030321325214036,1.0340689813698298
bearmountain_BM16,1.0272946580827926,1.0270981995447004,1.0287857152549864,1.0304732309652722
bearmountain_BM18,1.0296690958258983,1.0203309041741024,1.0200000000000002,1.0196690958258983
bearmountain_BM18,1.0295435369922679,1.0204564630077315,1.0199999999999996,1.0195435369922676
bearmountain_BM19,1.028855988994908,1.021144011005092,1.02,1.018855988994908
bearmountain_BM19,1.0289599774921903,1.0210400225078098,1.02,1.0189599774921902
bearmountain_BM20,1.028315322564894,1.0216846774351063,1.02,1.0183153225648938
bearmountain_BM20,1.028428728119788,1.0215712718802124,1.02,1.018428728119788
bearmountain_BM21,1.03,1.02,1.02,1.02
bearmountain_BM21,1.03,1.02,1.02,1.02
bearmountain_BM22,1.02,1.03,1.02,1.01
bearmountain_BM22,1.0221578381070222,1.0278421618929778,1.02,1.0121578381070222
bearmountain_BM24,1.0239121064135954,1.0260878935864048,1.02,1.0139121064135952
bearmountain_BM24,1.0258667826269021,1.0241332173730981,1.02,1.0158667826269019
bearmountain_BM25,1.02,1.03,1.02,1.01
bearmountain_BM25,1.02,1.03,1.02,1.01
blisssp_BLISS01,1.03,1.02,1.02,1.01
blisssp_BLISS02,1.0322440593807616,1.0244881187615231,1.0222440593807616,1.016082365384472
blisssp_BLISS03,1.03,1.0218325654063511,1.0236651308127025,1.017330261625405
blisssp_BLISS04,1.034916819506579,1.0298336390131566,1.0249168195065788,1.0231233523210652
blisssp_BLISS05,1.036786262710378,1.035380181847684,1.030401575564234,1.0308031511284677
blisssp_BLISS06,1.0345685577396175,1.0310899621377143,1.0283410302769607,1.0268152813335363
blisssp_BLISS07,1.0315194460192765,1.0277343889203858,1.0309104397829436,1.0320235630787509
blisssp_BLISS08,1.0299999999999998,1.020949500358179,1.021899000716358,1.0137980014327164
blisssp_BLISS09,1.0335179606650562,1.0270359213301126,1.0235179606650564,1.0170359213301126
blisssp_BLISS10,1.033882936966156,1.0277658739323123,1.023288872618561,1.0171718095847173
blisssp_BLISS11,1.030363309432237,1.0224983951369926,1.0239068619772738,1.0178137239545477
blisssp_BLISS12,1.0391235280916076,1.0390224358598652,1.0306742874449089,1.0313485748898172
blisssp_BLISS13,1.0330324458587115,1.0260648917174227,1.0230324458587114,1.0164286695885953
blisssp_BLISS14,1.032502987604229,1.0260006024461803,1.0244922420796732,1.0189844841593463
blisssp_BLISS15,1.0326072007633076,1.028930877721619,1.0300401531533157,1.0300803063066313
bouverie_BOUV001,1.03,1.02,1.02,1.02
bouverie_BOUV002,1.03,1.02,1.02,1.02
bouverie_BOUV003,1.0300000000000011,1.0200000000000011,1.0236422411491282,1.0272844822982554
bouverie_BOUV004,1.03,1.02,1.02,1.02
bouverie_BOUV005,1.03,1.02,1.03,1.04
bouverie_BOUV006,1.03,1.02,1.02,1.02
bouverie_BOUV007,1.03,1.02,1.026801442791868,1.033602885583736
bouverie_BOUV008,1.03,1.02,1.02,1.02
bouverie_BOUV009,1.03,1.02,1.0243616860163138,1.0287233720326274
bouverie_BOUV010,1.03,1.02,1.0258758845637281,1.0317517691274563
bouverie_BOUV011,1.03,1.02,1.02,1.02
bouverie_BOUV012,1.03,1.02,1.02,1.02
burtonsp_BURTON01,1.0299999999999998,1.02,1.0178831283698448,1.0078831283698448
burtonsp_BURTON02,1.03,1.02,1.0181496189691814,1.0081496189691814
burtonsp_BURTON03,1.0299371295322357,1.0200000000000007,1.0147752176198725,1.0050895699586972
burtonsp_BURTON04,1.0299999999999996,1.0232561654227972,1.0265123308455948,1.0230641152658928
burtonsp_BURTON05,1.0293972748283835,1.024923126875712,1.029169997240333,1.03202987684984
burtonsp_BURTON06,1.03,1.02,1.0178093318754895,1.0078093318754895
burtonsp_BURTON07,1.029999999999999,1.023144429596775,1.0240705008773745,1.0203593600709264
burtonsp_BURTON07,1.03,1.0229154250107235,1.023711573115861,1.0195424231373078
burtonsp_BURTON08,1.03,1.02,1.0171963630128653,1.007196363012865
burtonsp_BURTON08,1.03,1.02,1.0171881290561613,1.0071881290561613
burtonsp_BURTON09,1.0299999999999998,1.02,1.016175367978112,1.006175367978112
burtonsp_BURTON09,1.03,1.02,1.0161938588689141,1.006193858868914
burtonsp_BURTON10,1.0300000000000002,1.0207448368591558,1.0214896737183112,1.0129793474366222
burtonsp_BURTON11,1.03,1.02,1.0167186052207453,1.0067186052207453
burtonsp_BURTON12,1.03,1.0253260796309749,1.0306521592619495,1.0327169932829618
burtonsp_BURTON13,1.0305708017526276,1.022384559220513,1.023056713183142,1.0161134263662848
burtonsp_BURTON14,1.031500247728858,1.02446783925974,1.0235712079894987,1.0180061433224048
burtonsp_BURTON14,1.031472697962571,1.0243950838094018,1.023575522595298,1.0179475963263902
burtonsp_BURTON15,1.0314049464978763,1.025680985134037,1.0239052239807416,1.0210523547551864
burtonsp_BURTON16,1.0299999999999996,1.0206982540830196,1.0207335037867362,1.0121300119527767
burtonsp_BURTON17,1.03,1.02,1.02,1.01
burtonsp_BURTON18,1.03,1.0240664608487022,1.0281329216974042,1.0262658433948086
burtonsp_BURTON19,1.03,1.0229088561862587,1.0257883413990885,1.0216333399132727
burtonsp_BURTON20,1.03,1.02,1.02,1.0100393302839252
burtonsp_BURTON21,1.03,1.0236402412014183,1.0272804824028363,1.0245609648056726
burtonsp_BURTON22,1.029999999999999,1.0225496695141936,1.025099339028388,1.0201986780567769
burtonsp_BURTON23,1.0291959654996512,1.0209233847774586,1.0210427350545674,1.0171800581281467
burtonsp_BURTON24,1.0299999999999998,1.0280147648291378,1.036029529658276,1.0440233035555966
burtonsp_BURTON25,1.03,1.0269791654618567,1.0339583309237135,1.0379166618474267
burtonsp_BURTON26,1.03,1.0248458908317986,1.029691781663597,1.029383563327194
burtonsp_BURTON27,1.0299999999999996,1.029651324205424,1.0393026484108483,1.0486052968216968
burtonsp_BURTON28,1.03,1.0259688123972162,1.0319376247944323,1.0338752495888646
burtonsp_BURTON30,1.03,1.028395311945667,1.036790623891334,1.043581247782668
burtonsp_BURTON31,1.0300000000000002,1.0200000000000002,1.019638973213344,1.009638973213344
burtonsp_BURTON32,1.03,1.02,1.02,1.01
burtonsp_BURTON33,1.03,1.03,1.04,1.05
burtonsp_BURTON34,1.03,1.021494836056912,1.022989672113824,1.015979344227648
burtonsp_BURTON35,1.0299999999999994,1.0290624513312037,1.0381249026624078,1.046249805324816
burtonsp_BURTON37,1.0300573497125998,1.0300573497125998,1.0399426502873999,1.0498853005747997
burtonsp_BURTON38,1.03,1.0213247187038181,1.022649437407636,1.0152988748152723
burtonsp_BURTON39,1.03,1.0219342029131298,1.0226045238075425,1.0164729296338018
burtonsp_BURTON40,1.0299999999999996,1.0199999999999996,1.0195387795896271,1.0095387795896271
burtonsp_BURTON41,1.0300000000000011,1.021380613997235,1.01841835405647,1.0111795820509377
burtonsp_BURTON42,1.03,1.0254938973590715,1.030987794718143,1.0319755894362856
burtonsp_BURTON43,1.03,1.0226543469500338,1.0253086939000677,1.0206173878001354
burtonsp_BURTON44,1.03,1.022914197411006,1.0258283948220124,1.0216567896440245
burtonsp_BURTON45,1.031503388215972,1.0232731682865968,1.0220361719252782,1.014072343850556
burtonsp_BURTON46,1.03,1.0276906174951494,1.0353812349902987,1.0414948009378258
burtonsp_BURTON47,1.03,1.02,1.02,1.01
calaveras_BTN01,1.0299999999999996,1.0199999999999996,1.0199999999999996,1.0100810059061403
calaveras_BTN01,1.0300000000000002,1.0200000000000005,1.0200000000000005,1.0101072348250297
calaveras_BTN02,1.0300000000000002,1.02,1.02,1.0168277623907114
calaveras_BTN02,1.0300000000000002,1.02,1.02,1.0168277623907114
calaveras_BTN03,1.03,1.02,1.02,1.0146148319997406
calaveras_BTN04,1.03,1.02,1.02,1.0138947042248065
calaveras_BTN04,1.029999999999999,1.0199999999999991,1.0199999999999991,1.0146841418589068
calaveras_BTN05,1.0275749297499024,1.0256876839225,1.0210875378908006,1.0175749297499022
calaveras_BTN05,1.0279917361171584,1.0248826759957539,1.0209581373709709,1.0179917361171582
calaveras_BTN06,1.0368465774125972,1.0336931548251944,1.0268465774125972,1.0268465774125972
calaveras_BTN06,1.0284076262648414,1.0270890463834688,1.0218322242161033,1.0184076262648412
calaveras_BTN07,1.03,1.0199999999999998,1.0199999999999998,1.0100267361572388
calaveras_BTN07,1.03,1.02,1.02,1.010025918191947
calaveras_BTN08,1.0357461458876296,1.0314922917752594,1.0257461458876298,1.0234641074901838
calaveras_BTN08,1.0372949666740159,1.0345899333480317,1.0272949666740159,1.0252593945355564
calaveras_BTN09,1.0304361426244182,1.020872285248836,1.0204361426244182,1.0129410759400224
calaveras_BTN09,1.0304519262304785,1.0209038524609566,1.0204519262304785,1.0129854501469104
calaveras_BTN10,1.032612725985337,1.0252254519706747,1.0226127259853368,1.0161043729921424
calaveras_BTN10,1.036426910025638,1.0328538200512765,1.0264269100256378,1.0231860273999285
calaveras_BTN11,1.0261475517082013,1.0238524482917986,1.02,1.0161475517082015
calaveras_BTN11,1.0260548865981547,1.0239451134018451,1.02,1.0160548865981547
calaveras_BTN12,1.028556888839341,1.021443111160659,1.02,1.011810161783601
calaveras_BTN12,1.0289848554244911,1.021015144575509,1.02,1.0124059714828468
calaveras_BTN13,1.0229087876803216,1.02709121231968,1.0200000000000007,1.010043945213528
calaveras_BTN13,1.0230496886763387,1.0269503113236613,1.02,1.010241770066681
calaveras_BTN14,1.0243822836314007,1.0256177163685989,1.0199999999999998,1.0140308908091606
calaveras_BTN15,1.0300000000000002,1.0200000000000002,1.0200000000000002,1.0108164265899957
calaveras_BTN15,1.0300224156271993,1.0200448312543986,1.0200224156271993,1.0108442630629202
calaveras_BTN17,1.0332052594590941,1.0264105189181882,1.0232052594590941,1.0197895008606483
calaveras_BTN18,1.0299999999999998,1.0199999999999998,1.0199999999999998,1.0104657959981707
calaveras_BTN19,1.03,1.02,1.02,1.0110005122863754
calaveras_BTN20,1.0271449767583938,1.0228550232416054,1.0199999999999996,1.0163185228601392
calaveras_BTN21,1.0383048977491298,1.0366097954982596,1.0283048977491298,1.0266097954982596
calaveras_BTN22,1.0374331646244856,1.0348663292489702,1.0274331646244854,1.0248663292489701
calaveras_BTN23,1.0248332902092416,1.0222585467062915,1.0211292733531456,1.0122585467062915
calaveras_BTN24,1.024064276857228,1.02,1.02,1.01
calaveras_BTN25,1.03,1.02,1.02,1.012304989716236
calaveras_BTN27,1.03,1.02,1.02,1.0145474540328998
calaveras_BTN28,1.0299999999999994,1.0199999999999996,1.0199999999999996,1.0100503135134824
calaveras_BTN29,1.04,1.04,1.03,1.03
calaveras_BTN29,1.04,1.04,1.03,1.03
calaveras_BTN30,1.0299999999999998,1.0199999999999998,1.0199999999999998,1.0190529094626655
calaveras_BTN30,1.0299999999999994,1.0199999999999996,1.0199999999999996,1.0196618485549875
calaveras_BTN32,1.024219752449884,1.025780247550116,1.02,1.01
calaveras_BTN32,1.02472284729196,1.0252771527080389,1.0199999999999996,1.0108703690243617
calaveras_BTN33,1.03,1.02,1.02,1.02
calaveras_BTN34,1.03,1.02,1.02,1.0182505039246412
calaveras_BTN34,1.0304968402322083,1.0209936804644162,1.0204968402322083,1.018896865846884
calaveras_BTN35,1.0375134529688768,1.0350269059377535,1.0275134529688768,1.0252699472748048
calaveras_BTN35,1.0376820912625275,1.0353641825250546,1.0276820912625275,1.02561267888745
calaveras_BTN36,1.0300000000000005,1.0200000000000002,1.0200000000000002,1.0193864529802064
caples_1,1.03,1.0261977329661631,1.032395465932326,1.0369325496871218
caples_1,1.03,1.024223765779768,1.028447531559536,1.0286051786243156
caples_1,1.03,1.0266806405571622,1.0333612811143245,1.0383154362917628
caples_10,1.03,1.02,1.02,1.02
caples_100,1.03,1.02,1.02,1.0190003538932186
caples_100,1.03,1.02,1.02,1.02
caples_101,1.0253090428623177,1.024690957137682,1.02,1.0127411086816587
caples_102,1.03,1.02,1.02,1.02
caples_102,1.0299999999999996,1.0199999999999996,1.0199999999999996,1.0195088885116286
caples_103,1.0311309600824587,1.0233144754794263,1.0232360707114745,1.0210152252525457
caples_103,1.0311008322914952,1.0232466961017415,1.0231908953289974,1.0211973633250564
caples_104,1.0299999999999994,1.0239756749193225,1.0278806991755978,1.025726073019672
caples_105,1.029999999999999,1.0199999999999991,1.0199999999999991,1.0111651454250694
caples_105,1.03,1.02,1.02,1.0113860050857146
caples_106,1.03,1.0200658231393553,1.0201316462787107,1.0173657679504462
caples_107,1.03,1.021272620246508,1.0225452404930158,1.0150904809860315
caples_108,1.03,1.0223267128140172,1.0246534256280344,1.0193068512560688
caples_109,1.03,1.02,1.02,1.01
caples_11,1.0299999999999998,1.026037278507131,1.032074557014262,1.0365479016063661
caples_11,1.0300000000000011,1.0239017495129283,1.0278034990258555,1.0282501203577645
caples_110,1.0289502184454002,1.02,1.0164485653450752,1.011808088002834
caples_111,1.0372179950915936,1.034435990183187,1.0272179950915934,1.0272179950915934
caples_111,1.036753136899195,1.0335062737983898,1.026753136899195,1.0261643922706387
caples_112,1.0300000000000002,1.0200000000000002,1.0190922374240485,1.0090922374240485
caples_113,1.0299999999999998,1.0275115132229495,1.0333138688180301,1.0360379202068002
caples_114,1.03,1.0304911661578142,1.0363374082726624,1.0403523545238418
caples_115,1.03,1.0277139376580053,1.0354278753160109,1.0420412877084362
caples_115,1.0299999999999998,1.0271590628004919,1.034318125600984,1.0405359181727785
caples_116,1.0300000000000007,1.0211246388739794,1.0222081672332566,1.0144574449812138
caples_117,1.0299999999999998,1.0212333029932286,1.0224666059864573,1.0230882314255219
caples_117,1.0299999999999998,1.0211510335510072,1.0223020671020149,1.0226688465103817
caples_118,1.03,1.02,1.02,1.0157581827383892
caples_118,1.03,1.023753339572604,1.0275066791452077,1.0291369750093577
caples_119,1.0300000000000002,1.02,1.02,1.015917399204401
caples_119,1.03,1.02,1.02,1.015836927189657
caples_12,1.03,1.02,1.02,1.0113489974260115
caples_12,1.0298451639924235,1.0200617929953537,1.0198451639924235,1.012401631261674
caples_120,1.0299999999999998,1.02,1.02,1.014703760308783
caples_121,1.03,1.02,1.02,1.02
caples_121,1.03,1.02,1.02,1.02
caples_121,1.03,1.02,1.02,1.02
caples_122,1.0299999999999996,1.0209091431176347,1.0218182862352698,1.0187505556979977
caples_122,1.03,1.0208929105299183,1.0217858210598365,1.0190469160970457
caples_123,1.0287225730689806,1.0223889525275676,1.0235004781241157,1.0282111789148631
caples_124,1.0300000000000002,1.029144872214701,1.038289744429402,1.0465794888588036
caples_125,1.031392274157484,1.0261954190967564,1.023270354307473,1.022601898352368
caples_125,1.0311375022283353,1.0258426812889667,1.023030672424776,1.0225958574224334
caples_126,1.03,1.0238790447502546,1.027758089500509,1.0255161790010177
caples_126,1.03,1.022451556023111,1.0249031120462222,1.0198062240924441
caples_127,1.0299999999999996,1.0201751606757472,1.018548497061466,1.012743576557542
caples_127,1.0300000000000007,1.0201222817813622,1.0182656542638098,1.0120038380278449
caples_128,1.03,1.02,1.0131630469697397,1.00316304696974
caples_128,1.03,1.02,1.0146819279389603,1.0046819279389605
caples_129,1.0299999999999996,1.0202691523818377,1.020538304763676,1.015463194896644
caples_129,1.0300000000000002,1.0202591779968249,1.0205183559936497,1.0154827233387198
caples_13,1.03,1.02,1.02,1.02
caples_13,1.0300000000000002,1.0200000000000002,1.0200000000000002,1.019598124353426
caples_130,1.0300000000000005,1.02063087923017,1.0206066204338364,1.0109220600489213
caples_131,1.03,1.02,1.02,1.01
caples_132,1.03,1.0303839488913453,1.0308491341006134,1.026738886360188
caples_133,1.0300000000000007,1.0255467835470535,1.027236408407032,1.028396353159057
caples_14,1.03,1.02,1.02,1.01
caples_14,1.03,1.02,1.02,1.01
caples_16,1.030000000000001,1.020000000000001,1.0193375020750104,1.0107302500165463
caples_16,1.03,1.0200000000000002,1.0194917427990757,1.0105971836149779
caples_17,1.03,1.02,1.02,1.01
caples_17,1.03,1.0200000000000002,1.0200000000000002,1.0100626273683975
caples_19,1.03,1.0378600874231494,1.04,1.0421399125768507
caples_19,1.03,1.0380031280280155,1.04,1.0419968719719845
caples_2,1.0300000000000002,1.0290327228539191,1.0376828110985736,1.0463328993432284
caples_2,1.0300000000000002,1.027855476297649,1.0354687693490086,1.0421436686604544
caples_2,1.03,1.0291621691200132,1.0383243382400265,1.0474865073600397
caples_20,1.03,1.03,1.04,1.05
caples_20,1.03,1.0315931575551995,1.0384496701558696,1.0453061827565397
caples_21,1.0300000000000002,1.02453906309479,1.0290781261895794,1.0287006818789644
caples_21,1.0300000000000002,1.0240100968585963,1.0280201937171924,1.02645247682395
caples_22,1.03,1.02,1.02,1.01
caples_23,1.0300000000000002,1.020658228555808,1.0213164571116153,1.0158625215712065
caples_23,1.03,1.020575726011222,1.021151452022444,1.015102381308657
caples_23,1.03,1.0205617191856697,1.0211234383713392,1.0151090042773059
caples_24,1.03,1.02,1.02,1.0171911736123584
caples_24,1.0299999999999998,1.02,1.02,1.015174403353484
caples_24,1.03,1.02,1.02,1.0185885960324181
caples_25,1.0299999999999998,1.039678472450561,1.0399999999999996,1.0403215275494382
caples_25,1.0300000000000002,1.0397857471811567,1.0400000000000003,1.040214252818844
caples_26,1.03,1.0309586764055607,1.0356266642566885,1.0402946521078165
caples_26,1.03,1.0308810720630932,1.0355608036862098,1.0402405353093267
caples_27,1.03,1.03,1.04,1.05
caples_27,1.03,1.03,1.04,1.05
caples_28,1.029999999999999,1.0222397506455638,1.024479501291129,1.0239975406549862
caples_29,1.0300000000000005,1.0200000000000005,1.0200000000000005,1.019570559339883
caples_29,1.0300000000000007,1.0253026843953459,1.0306053687906913,1.035163601025488
caples_3,1.03,1.03,1.04,1.05
caples_3,1.03,1.0219214717812113,1.0238429435624228,1.0257644153436343
caples_3,1.03,1.03,1.04,1.05
caples_30,1.03,1.03,1.04,1.05
caples_30,1.03,1.03,1.04,1.05
caples_32,1.029950939451991,1.022854096589879,1.0234961211925528,1.0225839648219381
caples_32,1.0299229154804799,1.0232762560289328,1.0241925971414927,1.0246048548026323
caples_33,1.0250845827322397,1.020000000000001,1.0150845827322397,1.0328111428563047
caples_33,1.0246637118386415,1.02,1.0146637118386415,1.0343931531594133
caples_34,1.0299999999999998,1.0240063609972676,1.0280127219945356,1.0320190829918032
caples_34,1.03,1.0231014669849912,1.0262029339699823,1.0293044009549734
caples_35,1.03,1.02,1.02,1.02
caples_35,1.0300000000000005,1.0205819971629304,1.0211639943258606,1.0213699864859997
caples_36,1.02,1.02,1.01,1.05
caples_36,1.0204644518831976,1.02,1.0104644518831978,1.0486066443504076
caples_37,1.03,1.02,1.02,1.02
caples_37,1.03,1.02,1.02,1.0159993365513778
caples_38,1.03,1.02,1.02,1.01
caples_39,1.03,1.0215580633168195,1.0231161266336393,1.0162322532672783
caples_4,1.023597028912716,1.0207950453711998,1.0151871196551174,1.0389429806822985
caples_40,1.03,1.0370658171354197,1.0365532484806033,1.0360406798257866
caples_40,1.0300000000000002,1.0374919620963168,1.0369147213874788,1.036337480678641
caples_41,1.03,1.0349229165897031,1.04,1.045077083410297
caples_42,1.0299999999999994,1.0330574294897845,1.0301138674277666,1.0265797074434204
caples_43,1.03,1.02,1.01,1
caples_44,1.02,1.02,1.01,1.05
caples_45,1.027338960112608,1.02,1.037357230872431,1.0242480917859327
caples_46,1.0234750545799298,1.02,1.012349979456308,1.0373246860129666
caples_47,1.0223880488386392,1.02,1.0100000000000002,1.0380597558068039
caples_48,1.02,1.02,1.01,1.05
caples_49,1.0236231390366892,1.0235754844621858,1.0245402107212598,1.0427060673521187
caples_5,1.03,1.0238164722992646,1.0276329445985293,1.02964272031227
caples_5,1.0297505820179116,1.0250368336094708,1.0298242492368515,1.0344789727716845
caples_50,1.02,1.02,1.01,1.05
caples_51,1.0263140342967305,1.02,1.0415701714836523,1.0310578971098086
caples_52,1.0216929494066287,1.02,1.0141699012048966,1.0446411593126927
caples_53,1.024328965774076,1.02,1.01,1.0283551711296197
caples_54,1.026781747681578,1.0264846633251843,1.019726994987777,1.0290605882424744
caples_55,1.0200654800495694,1.02,1.01,1.049672599752153
caples_56,1.0246286827993276,1.02,1.01,1.0268565860033616
caples_57,1.023481636718771,1.02,1.01,1.0325918164061456
caples_58,1.02951320100638,1.0199999999999996,1.0099999999999996,1.002433994968097
caples_59,1.0293329181041508,1.0199999999999996,1.0184585379672395,1.0163705949064155
caples_6,1.03,1.0244775994528317,1.0289551989056633,1.0334327983584952
caples_6,1.03,1.0222664955123224,1.0245329910246448,1.02483117741832
caples_60,1.02,1.02,1.01,1.05
caples_65,1.0305975701433172,1.021195140286635,1.0205975701433172,1.0129725883308673
caples_65,1.0304256240449372,1.0208512480898742,1.0204256240449372,1.0123254221700895
caples_7,1.029921048908331,1.024479532338955,1.02888011358624,1.0331398472311697
caples_7,1.0299999999999996,1.0247670282133403,1.0295340564266813,1.0339099753317127
caples_75,1.03,1.02,1.017747214279303,1.007747214279303
caples_75,1.03,1.02,1.017297797405606,1.007297797405606
caples_76,1.0299999999999996,1.0207746956510664,1.0213205168201174,1.0128699081222508
caples_76,1.0299999999999998,1.0207912782417254,1.0214488180533263,1.0130313745367778
caples_77,1.03,1.02,1.017713018299719,1.007713018299719
caples_77,1.03,1.02,1.0189130979608885,1.0089130979608885
caples_8,1.03,1.0245656955341993,1.0291313910683986,1.0336970866025978
caples_8,1.03,1.024393725151441,1.028787450302882,1.0321241677155029
caples_82,1.0338304057885708,1.031245823632676,1.0310004298996396,1.034585441955174
caples_82,1.0339304037212553,1.0314494128202523,1.0311076144767384,1.03469621985448
caples_83,1.03,1.0213148220366022,1.0226296440732046,1.023944466109807
caples_84,1.0303351414355704,1.0234327255271203,1.0258600267475277,1.0282599351779311
caples_85,1.0299999999999998,1.0199999999999998,1.0199999999999998,1.010269026292381
caples_9,1.03,1.02,1.02,1.01
caples_92,1.03,1.02,1.02,1.01577730883841
caples_93,1.0304727474281448,1.0209454948562886,1.0184477774217469,1.0099284660131067
caples_94,1.030852470972101,1.0250142995856835,1.0274711862550634,1.02854222665049
caples_95,1.03,1.0217114790972968,1.0234229581945935,1.0168459163891868
caples_98,1.03,1.0222098424070718,1.0244196848141438,1.0266295272212158
caples_99,1.0300000000000005,1.0204967587769689,1.0209935175539373,1.0198184695497978
caples_99,1.0299999999999998,1.0205207723127256,1.0210415446254517,1.0206064574904732
concow_CONCOW001,1.03,1.02,1.02,1.02
concow_CONCOW002,1.0350825073695544,1.0301650147391088,1.0263480758826804,1.02524058618951
concow_CONCOW003,1.03030232173646,1.0206046434729203,1.0221170079595638,1.0160487021422324
concow_CONCOW004,1.0310492867931942,1.0220985735863883,1.0256265579760322,1.0271064339176614
concow_CONCOW005,1.0278450912981916,1.030490511797215,1.022778534365135,1.0162679309070757
concow_CONCOW006,1.035593615965188,1.0311872319303759,1.025593615965188,1.0231755480121283
concow_CONCOW007,1.0343431776740082,1.0332466760431884,1.025863284572399,1.0231644829241051
downieville_REDANT28,1.0209740395178843,1.0290259604821168,1.0200000000000005,1.0109740395178843
downieville_REDANT29,1.0207683354991852,1.0292316645008137,1.0207683354991852,1.0123050064975567
downieville_REDANT30A,1.0208149329651819,1.029185067034819,1.0206677752868243,1.0121504835388297
downieville_REDANT38,1.0230910817274113,1.0269089182725888,1.022005997057481,1.0160179911724434
downieville_REDANT39,1.0287751263218694,1.0258417430778155,1.0215389564665616,1.0140649002242965
downieville_REDANT40,1.03,1.02,1.0227555036466411,1.0182665109399234
downieville_REDANT41,1.0300000000000007,1.0200000000000007,1.020361494507847,1.0120540275421421
downieville_REDANT42,1.0304603156299916,1.0288457413831325,1.0238839047707895,1.0200189153351553
downieville_REDANT43,1.03,1.02,1.0228890374198425,1.0186671122595274
downieville_REDANT44,1.03,1.02,1.0225444854902228,1.0176334564706684
downieville_REDANT45,1.0246335308444934,1.0265143377346007,1.022325940098899,1.0181375424631973
downieville_REDANT46,1.0299999999999998,1.0199999999999998,1.02912206945725,1.0373662083717505
downieville_REDANT49,1.031340645470361,1.0226812909407224,1.021340645470361,1.0147664002266203
downieville_REDANT50,1.0346459459098396,1.0292918918196787,1.0245046270892166,1.0193814252414488
downieville_REDANT51,1.0358866606988992,1.031773321397798,1.0259094354737481,1.0235232288011722
downieville_REDANT52,1.0356074571371592,1.0312508174617006,1.0256194248662864,1.023990955819339
downieville_REDANT54,1.03,1.02,1.02,1.0120180095746847
downieville_REDANT55,1.0340461143373552,1.02809222867471,1.0297479268007976,1.0351976660650375
downieville_REDANT56,1.0299780740694098,1.0231675989797995,1.0210485576830697,1.0120971153661396
downieville_REDANT57,1.0257558161031044,1.0280258508547127,1.0216437391984228,1.014448287266393
downieville_REDANT59,1.03,1.02,1.02,1.01
downieville_REDANT62,1.0300000000000002,1.0200000000000002,1.0292529333049003,1.0385058666098004
drycreek_DRYCREEK21,1.03,1.03,1.04,1.05
drycreek_DRYCREEK22,1.03,1.03,1.04,1.05
drycreek_DRYCREEK23,1.03,1.03,1.04,1.05
drycreek_DRYCREEK23,1.03,1.03,1.04,1.05
drycreek_DRYCREEK24,1.025241405047348,1.025241405047348,1.025724215142044,1.05
drycreek_DRYCREEK25,1.03,1.03,1.04,1.05
drycreek_DRYCREEK26,1.03,1.03,1.04,1.05
drycreek_DRYCREEK26,1.03,1.03,1.04,1.05
drycreek_DRYCREEK27,1.03,1.03,1.04,1.05
drycreek_DRYCREEK27,1.03,1.03,1.04,1.05
drycreek_DRYCREEK28,1.03,1.03,1.04,1.05
drycreek_DRYCREEK28,1.03,1.03,1.04,1.05
drycreek_DRYCREEK29,1.03,1.03,1.04,1.05
drycreek_DRYCREEK29,1.03,1.03,1.04,1.05
drycreek_DRYCREEK30,1.03,1.03,1.04,1.05
drycreek_DRYCREEK30,1.03,1.03,1.04,1.05
drycreek_DRYCREEK31,1.03,1.03,1.04,1.05
drycreek_DRYCREEK31,1.03,1.03,1.04,1.05
drycreek_DRYCREEK32,1.03,1.03,1.04,1.05
drycreek_DRYCREEK34,1.03,1.03,1.04,1.05
drycreek_DRYCREEK35,1.03,1.03,1.04,1.05
drycreek_DRYCREEK36,1.03,1.03,1.04,1.05
drycreek_DRYCREEK37,1.03,1.03,1.04,1.05
drycreek_DRYCREEK39,1.03,1.03,1.04,1.05
drycreek_DRYCREEK43,1.03,1.03,1.04,1.05
drycreek_DRYCREEK46,1.029484006664172,1.029484006664172,1.0389680133283437,1.0484520199925154
drycreek_DRYCREEK48,1.0295515547059724,1.0295515547059724,1.0386546641179175,1.0499999999999998
drycreek_DRYCREEK50,1.03,1.03,1.04,1.05
drycreek_DRYCREEK52,1.03,1.03,1.04,1.05
frenchmeadows_FM037,1.0299999999999996,1.0199999999999996,1.0101494864307443,1.0001494864307443
frenchmeadows_FM038,1.0335065299033,1.0270130598065998,1.0170130598066,1.0105195897099
frenchmeadows_FM038,1.03315050443819,1.0263010088763802,1.01630100887638,1.0094515133145703
frenchmeadows_FM039,1.0300000000000005,1.0200716254466646,1.020143250893329,1.0102865017866574
frenchmeadows_FM039,1.0300000000000005,1.0200000000000005,1.0200000000000005,1.0101713586074201
frenchmeadows_FM040,1.03,1.02,1.019837298959349,1.009837298959349
frenchmeadows_FM040,1.0299999999999996,1.0199999999999996,1.0196167161299603,1.0096167161299603
frenchmeadows_FM041,1.03,1.02,1.02,1.0162076822502761
frenchmeadows_FM042,1.03,1.02,1.0170279305943732,1.0098926481325137
frenchmeadows_FM043,1.03,1.02,1.0186308915270506,1.0126008350859939
frenchmeadows_FM044,1.03,1.02,1.02,1.01
frenchmeadows_FM045,1.03,1.02,1.02,1.0104000505866744
frenchmeadows_FM046,1.0297861438789884,1.0202138561210108,1.0199999999999996,1.0106595063244033
frenchmeadows_FM046,1.0299999999999996,1.0200982889338726,1.0201965778677455,1.011343627113263
frenchmeadows_FM047,1.03,1.02,1.0188751908295097,1.0088751908295097
frenchmeadows_FM047,1.03,1.02,1.0134184657191505,1.0034374022886214
frenchmeadows_FM048,1.03,1.02,1.0121654994989921,1.0021654994989921
frenchmeadows_FM048,1.03,1.02,1.0122428482274541,1.0022428482274544
frenchmeadows_FM049,1.03,1.0257365355783215,1.0314730711566429,1.0342284813887117
frenchmeadows_FM050,1.03,1.0200000000000002,1.0200000000000002,1.0106490484871213
frenchmeadows_FM051,1.03,1.02,1.02,1.01
frenchmeadows_FM052,1.03,1.02,1.02,1.01
frenchmeadows_FM053,1.030053533160973,1.0201070663219458,1.0109857026765046,1.0010392358374773
frenchmeadows_FM054,1.0300000000000002,1.02,1.0142592383901696,1.0060188269105876
frenchmeadows_FM055,1.0300000000000011,1.020000000000001,1.020000000000001,1.0118660338389298
frenchmeadows_FM056,1.03,1.02,1.012588681428501,1.00291569704276
frenchmeadows_FM057,1.031859781964054,1.0246034970593574,1.0236276482265538,1.021009016017035
frenchmeadows_FM062,1.0299999999999994,1.020177387593964,1.0190569822345716,1.0094117574225003
frenchmeadows_FM063,1.0305988664786772,1.0268380870475422,1.0318795746590537,1.033810364505623
frenchmeadows_FM064,1.0300000000000002,1.0260640612217025,1.0321281224434047,1.035226109967101
frenchmeadows_FM069,1.03,1.02,1.0155715481978684,1.0058735767741822
frenchmeadows_FM10-1,1.034947109210545,1.0298942184210884,1.022208740002658,1.0183169128633898
frenchmeadows_FM10-10,1.0325297690995074,1.0250595381990149,1.0225297690995074,1.0175737241440168
frenchmeadows_FM10-11,1.03,1.02,1.02,1.017092568256052
frenchmeadows_FM10-12,1.032096626987498,1.024193253974996,1.022096626987498,1.0168675518041368
frenchmeadows_FM10-13,1.0203013706184545,1.0296986293815453,1.0199999999999998,1.0103013706184543
frenchmeadows_FM10-14,1.03,1.02,1.0164354378892702,1.009522655877289
frenchmeadows_FM10-15,1.0347603290562568,1.029520658112514,1.0240523175775789,1.0198635612859317
frenchmeadows_FM10-2,1.0300798385877619,1.020159677175523,1.016843408588562,1.0092673943523505
frenchmeadows_FM10-3,1.0300000000000002,1.0200000000000002,1.0196341237436073,1.0135424861823434
frenchmeadows_FM10-4,1.0300000000000002,1.02,1.02,1.0101577205340597
frenchmeadows_FM10-5,1.0342783666298292,1.0285567332596588,1.0233192993589746,1.0209558043131994
frenchmeadows_FM10-6,1.036239437946725,1.0324788758934509,1.026210999377029,1.0224832212438786
frenchmeadows_FM10-7,1.0299999999999998,1.0199999999999998,1.0199999999999998,1.0104002436311486
frenchmeadows_FM10-8,1.0378129934761025,1.035625986952205,1.0278129934761024,1.0256773738703735
frenchmeadows_FM10-9,1.0300000000000005,1.0200000000000005,1.0200000000000005,1.0100548396880455
frenchmeadows_FM19-1,1.0300000000000002,1.0200000000000002,1.0200000000000002,1.0108249414169723
frenchmeadows_FM19-10,1.0322771468148715,1.0245542936297432,1.0180096951705835,1.010286841985455
frenchmeadows_FM19-11,1.0300000000000007,1.0200000000000007,1.0371437779512438,1.0146027444275403
frenchmeadows_FM19-12,1.03,1.0221654468819639,1.024330893763928,1.0231042757001523
frenchmeadows_FM19-13,1.03,1.02,1.0128466252230277,1.0028466252230277
frenchmeadows_FM19-14,1.0287978500392434,1.0212021499607558,1.0199999999999996,1.0179569411741325
frenchmeadows_FM19-15,1.0306929189719023,1.0234874790325708,1.021393466001491,1.0127869320029819
frenchmeadows_FM19-16,1.03,1.02,1.0185489165724115,1.0085489165724115
frenchmeadows_FM19-17,1.0201493869132088,1.030007697379465,1.020052361430891,1.0101493869132088
frenchmeadows_FM19-18,1.0234743253168972,1.026525674683103,1.02,1.0111022709708033
frenchmeadows_FM19-19,1.0291543262994058,1.0242481314186764,1.021134152572694,1.0180761241434726
frenchmeadows_FM19-2,1.0299999999999994,1.0199999999999996,1.0198406954630457,1.0111658327315522
frenchmeadows_FM19-20,1.0286909073235009,1.021309092676499,1.02,1.01
frenchmeadows_FM19-20,1.0289551487812374,1.0210448512187627,1.02,1.01
frenchmeadows_FM19-21,1.0300000000000005,1.0200000000000002,1.0194321953072822,1.011703414078155
frenchmeadows_FM19-3,1.031635470542283,1.0232709410845657,1.0190734202199485,1.012371990736547
frenchmeadows_FM19-3,1.0311831718525986,1.0223663437051982,1.0165542004443082,1.0088594984171917
frenchmeadows_FM19-4,1.0300000000000002,1.0222620476499138,1.0245240952998278,1.0240549966009518
frenchmeadows_FM19-5,1.0299999999999998,1.0199999999999998,1.0161077703658312,1.006264007036957
frenchmeadows_FM19-6,1.03,1.03,1.04,1.05
frenchmeadows_FM19-6,1.0299999999999996,1.0298773101319865,1.0397546202639736,1.0496319303959605
frenchmeadows_FM19-7,1.0300000000000002,1.0200000000000002,1.0101627426508437,1.0001627426508437
frenchmeadows_FM19-7,1.03,1.02,1.010143572714452,1.000143572714452
frenchmeadows_FM19-8,1.03,1.0203002978464562,1.0206005956929123,1.0186636776284754
frenchmeadows_FM19-9,1.03,1.0238700578522704,1.027740115704541,1.0316101735568113
henrycoe_HCM001,1.03,1.02,1.02,1.02
henrycoe_HCM001,1.03,1.02,1.02,1.02
henrycoe_HCM002,1.03,1.02,1.02,1.02
henrycoe_HCM002,1.03,1.02,1.02,1.02
henrycoe_HCM003,1.030322888507075,1.0201614442535374,1.0199999999999998,1.0199999999999998
henrycoe_HCM003,1.0302083034132796,1.0201041517066396,1.0199999999999998,1.0199999999999998
henrycoe_HCM004,1.03,1.02,1.02,1.02
henrycoe_HCM004,1.03,1.02,1.02,1.02
henrycoe_HCM005,1.03,1.02,1.02,1.02
henrycoe_HCM005,1.03,1.02,1.02,1.02
henrycoe_HCM006,1.0367549531271671,1.0233774765635837,1.02,1.02
henrycoe_HCM006,1.036856596425304,1.0234282982126521,1.02,1.02
henrycoe_HCM007,1.03,1.02,1.02,1.02
henrycoe_HCM007,1.03,1.02,1.02,1.02
henrycoe_HCM008,1.0359061064576394,1.0230494492325948,1.0199999999999996,1.0199357359974828
henrycoe_HCM008,1.0359704818714386,1.0229852409357194,1.02,1.02
henrycoe_HCM009,1.0298559619246106,1.0201440380753888,1.0199999999999998,1.0198559619246108
henrycoe_HCM009,1.029915302565566,1.0200846974344344,1.0200000000000002,1.0199153025655663
henrycoe_HCM010,1.0278355071738463,1.0221644928261537,1.02,1.0178355071738463
henrycoe_HCM010,1.0278962279137909,1.022103772086209,1.02,1.0178962279137909
henrycoe_HCM011,1.03,1.02,1.02,1.02
henrycoe_HCM011,1.03,1.02,1.02,1.02
henrycoe_HCM012,1.03,1.02,1.02,1.02
henrycoe_HCM012,1.028384815186298,1.0216151848137043,1.0200000000000011,1.018384815186298
henrycoe_HCM013,1.03,1.02,1.02,1.02
henrycoe_HCM013,1.03,1.02,1.02,1.02
henrycoe_HCM014,1.03,1.02,1.02,1.02
henrycoe_HCM014,1.03,1.02,1.02,1.02
independence_INDY01,1.02,1.02,1.01,1.05
independence_INDY03,1.03,1.02,1.0164628061778305,1.0064628061778305
independence_INDY05,1.0299999999999998,1.0199999999999998,1.0194915819527228,1.0094915819527228
independence_INDY06,1.0287176844329846,1.0259455732471134,1.0306088309272112,1.0389115552565151
independence_INDY07,1.0283123787701998,1.02,1.0183123787701998,1.0167504849192006
independence_INDY08,1.0263244688717035,1.023248034445776,1.022820537763255,1.0376942622962901
independence_INDY09,1.0255026328585983,1.02,1.0155026328585983,1.0279894685656061
independence_INDY10,1.0299999999999998,1.029885340102928,1.0397706802058562,1.0495413604117128
independence_INDY11,1.03,1.0267770414562487,1.0303311243687454,1.0338852072812426
independence_INDY12,1.0236795355857948,1.02,1.0123600120265812,1.0339623340976076
independence_INDY13,1.0300000000000007,1.0200000000000005,1.019089026856599,1.009089026856599
independence_INDY14,1.0289175494343998,1.0289175494343998,1.0367526483032,1.05
independence_INDY16,1.0269116959308517,1.02,1.0169116959308515,1.0241327536171367
independence_INDY17,1.026791596656571,1.02,1.016791596656571,1.022833613373716
independence_INDY18,1.03,1.02,1.02,1.01
independence_INDY19,1.03,1.0259286782943122,1.0301863958095359,1.0320437523981605
independence_INDY20,1.03,1.02,1.02,1.01
independence_INDY21,1.0300000000000002,1.0213725573894492,1.0225041597692899,1.0152492745481883
independence_INDY22,1.0299999999999991,1.025741077947123,1.0291584450651776,1.0306406009594251
independence_INDY23,1.0246486871197176,1.02,1.0124299691104488,1.029186533511862
independence_INDY24,1.025886946645283,1.0199999999999994,1.015886946645283,1.032263797921673
independence_INDY25,1.025436103936921,1.0200000000000005,1.015436103936921,1.0282941180405825
independence_INDY26,1.026350167040192,1.0208307538497243,1.0180116747396415,1.0279223472381291
independence_INDY27,1.03,1.0255457500763012,1.0310915001526024,1.032183000305205
independence_INDY28,1.03,1.0215179601465447,1.018743458206918,1.0117793785000075
independence_INDY29,1.03,1.021094392451898,1.0221887849037958,1.0143775698075916
independence_INDY30,1.03,1.02,1.02,1.01
independence_INDY31,1.03,1.02,1.0151020402555018,1.0051020402555018
independence_INDY32,1.03,1.02,1.0172346310797205,1.0072346310797204
independence_INDY33,1.03,1.02,1.0176896374112345,1.0076896374112345
independence_INDY34,1.0299999999999998,1.0199999999999998,1.0199368296945839,1.0099368296945839
independence_INDY35,1.0273559173726015,1.02,1.0173559173726014,1.0205763305095945
independence_INDY36,1.0265005368833058,1.025285795106857,1.02707212709702,1.045141032894205
independence_INDY37,1.0299999999999996,1.0208863666240995,1.0141063367409069,1.0058790699891067
independence_INDY38,1.03,1.02,1.0199360424650254,1.0099360424650254
independence_INDY39,1.029999999999999,1.023691608345156,1.0263454458612484,1.0237286625515623
independence_INDY40,1.0300000000000002,1.022337646380749,1.0237272861310807,1.018402578892578
klamath_KLAMATH001,1.0299999999999996,1.0199999999999998,1.0292631863013935,1.0385263726027871
klamath_KLAMATH002,1.0308609131590798,1.0217218263181593,1.029692171664449,1.038523430169818
klamath_KLAMATH003,1.022757699044952,1.027242300955048,1.022757699044952,1.0182730971348564
klamath_KLAMATH005,1.0300000000000002,1.02,1.0286495649869427,1.0372991299738854
klamath_KLAMATH008,1.03,1.02,1.02,1.02
klamath_KLAMATH008,1.03,1.02,1.02,1.02
klamath_KLAMATH009,1.03,1.02,1.0284132531850614,1.0368265063701225
klamath_KLAMATH010,1.03,1.02,1.029401562643654,1.038803125287308
klamath_KLAMATH011,1.03,1.02,1.0288831268407344,1.0377662536814687
klamath_KLAMATH012,1.03,1.02,1.0233025929352777,1.0266051858705554
klamath_KLAMATH013,1.0299999999999998,1.0199999999999998,1.0294587502254064,1.0389175004508133
klamath_KLAMATH014,1.03,1.02,1.0298164950974413,1.0396329901948826
klamath_KLAMATH015,1.0299999999999996,1.0199999999999996,1.0292159207630516,1.0384318415261033
klamath_KLAMATH016,1.0300000000000002,1.0200000000000002,1.0200838653752744,1.0201677307505483
klamath_KLAMATH017,1.03,1.0199999999999998,1.0299155773211908,1.0398311546423815
klamath_KLAMATH018,1.0300000000000011,1.0200000000000011,1.0274537641875667,1.0349075283751321
lonebobcatwoods_LBW001,1.0299999999999998,1.0199999999999998,1.0201326399107118,1.0202652798214238
lonebobcatwoods_LBW002,1.02833395561535,1.0217457594823443,1.0200265716992316,1.01833395561535
lonebobcatwoods_LBW003,1.03,1.02,1.02,1.02
lonebobcatwoods_LBW004,1.03,1.02,1.02,1.02
lonebobcatwoods_LBW005,1.03,1.02,1.02,1.02
lonebobcatwoods_LBW006,1.03,1.02,1.02,1.02
lonebobcatwoods_LBW006,1.03,1.02,1.02,1.02
lonebobcatwoods_LBW007,1.03,1.02,1.02,1.02
modoc_MOD001,1.023258281867126,1.0267417181328735,1.0199999999999998,1.0100433493529706
modoc_MOD002,1.027932834661924,1.0220671653380768,1.0200000000000005,1.0100908677815623
modoc_MOD003,1.0288491069564494,1.0211508930435518,1.0200000000000005,1.0100834163291648
modoc_MOD004,1.024117896020336,1.025882103979665,1.0200000000000005,1.0100968401004684
modoc_MOD005,1.0270651874119068,1.0297973145787171,1.0222875006635412,1.0145750013270827
modoc_MOD006,1.0215093538011848,1.0284906461988155,1.02,1.01
modoc_MOD007,1.0245302174644,1.0254697825356,1.02,1.011526064664545
modoc_MOD008,1.021878243877405,1.028121756122595,1.02,1.0107035642557896
modoc_MOD009,1.0241333298144346,1.0258666701855654,1.02,1.01
modoc_MOD009,1.0236329703753895,1.0263670296246108,1.02,1.01
modoc_MOD009,1.0246717170564226,1.0253282829435775,1.02,1.01
modoc_MOD010,1.03,1.02,1.02,1.013124409060389
modoc_MOD010,1.03,1.02,1.02,1.013124409060389
modoc_MOD010,1.03,1.02,1.02,1.013124409060389
modoc_MOD011,1.0218429461579333,1.0281570538420668,1.02,1.01
modoc_MOD011,1.0218429461579333,1.0281570538420668,1.02,1.01
modoc_MOD011,1.02191493956106,1.02808506043894,1.02,1.01
modoc_MOD012,1.028747779019922,1.021252220980076,1.0199999999999991,1.0137704678755963
modoc_MOD012,1.0296524459258185,1.0203475540741815,1.02,1.01399215306582
modoc_MOD012,1.028747779019922,1.021252220980076,1.0199999999999991,1.0137704678755963
modoc_MOD013,1.02803919182212,1.0219608081778802,1.02,1.01
modoc_MOD013,1.026227558651982,1.0237724413480183,1.02,1.01
modoc_MOD013,1.02803919182212,1.0219608081778802,1.02,1.01
modoc_MOD014,1.029353754075363,1.0206462459246366,1.0199999999999998,1.0099999999999998
modoc_MOD014,1.0292804137462168,1.020719586253783,1.02,1.01
modoc_MOD014,1.029353754075363,1.0206462459246366,1.0199999999999998,1.0099999999999998
modoc_MOD015,1.0215876067958318,1.0284123932041682,1.02,1.01
modoc_MOD015,1.0216547886751624,1.028345211324838,1.02,1.01
modoc_MOD015,1.0215876067958318,1.0284123932041682,1.02,1.01
modoc_MOD016,1.0247901588523973,1.0252098411476025,1.02,1.0147901588523975
modoc_MOD016,1.024700588318113,1.025299411681887,1.02,1.0147005883181128
modoc_MOD016,1.0247901588523973,1.0252098411476025,1.02,1.0147901588523975
modoc_MOD017,1.023494066257632,1.026505933742368,1.02,1.013494066257632
modoc_MOD017,1.023494066257632,1.026505933742368,1.02,1.013494066257632
modoc_MOD017,1.023494066257632,1.026505933742368,1.02,1.013494066257632
modoc_MOD018,1.0259452895502679,1.0240547104497324,1.02,1.0159452895502679
modoc_MOD018,1.026339828704692,1.0236601712953077,1.02,1.0163398287046923
modoc_MOD018,1.0259452895502679,1.0240547104497324,1.02,1.0159452895502679
modoc_MOD019,1.0227624876271169,1.027237512372882,1.0199999999999996,1.0124759800539789
modoc_MOD019,1.0226332440268229,1.0273667559731767,1.0199999999999998,1.0123416201556594
modoc_MOD019,1.0226332440268229,1.0273667559731767,1.0199999999999998,1.0123416201556594
modoc_MOD020,1.0269451118997017,1.0230548881002983,1.02,1.0169451118997017
modoc_MOD020,1.0269451118997017,1.0230548881002983,1.02,1.0169451118997017
modoc_MOD020,1.0269451118997017,1.0230548881002983,1.02,1.0169451118997017
modoc_MOD021,1.02,1.03,1.02,1.01
modoc_MOD021,1.02,1.03,1.02,1.01
modoc_MOD021,1.02,1.03,1.02,1.01
modoc_MOD022,1.0277187175813862,1.0222812824186138,1.02,1.01
modoc_MOD022,1.0283739329264938,1.0216260670735062,1.02,1.01
modoc_MOD022,1.0277187175813862,1.0222812824186138,1.02,1.01
modoc_MOD023,1.0217817106312856,1.0282182893687146,1.02,1.01
modoc_MOD023,1.0222503405248993,1.0277496594751008,1.02,1.01
modoc_MOD023,1.0217817106312856,1.0282182893687146,1.02,1.01
modoc_MOD024,1.022767254843827,1.0272327451561731,1.02,1.01
modoc_MOD024,1.0227458220580776,1.0272541779419224,1.02,1.01
modoc_MOD024,1.022767254843827,1.0272327451561731,1.02,1.01
modoc_MOD025,1.020971168048903,1.0261187096847528,1.0170898777336566,1.022070442578726
modoc_MOD026,1.03,1.02,1.02,1.0112680887939693
modoc_MOD027,1.0247640674552012,1.0252359325447988,1.02,1.01
modoc_MOD028,1.03,1.02,1.02,1.02
odell_ODELL001,1.032585187810609,1.0212925939053044,1.02,1.02
odell_ODELL002,1.0210112304011705,1.0289887695988296,1.02,1.0110112304011705
odell_ODELL002,1.0210112304011705,1.0289887695988296,1.02,1.0110112304011705
odell_ODELL003,1.03,1.02,1.02,1.02
odell_ODELL003,1.03,1.02,1.02,1.02
odell_ODELL004,1.0240038951885664,1.0259961048114337,1.02,1.0140038951885664
odell_ODELL005,1.0297013082720206,1.0202986917279788,1.0199999999999998,1.0197013082720205
odell_ODELL005,1.029697590544324,1.0203024094556756,1.0199999999999998,1.019697590544324
riolindo_RIO001,1.03,1.02,1.02,1.02
riolindo_RIO001,1.03,1.02,1.02,1.02
riolindo_RIO002,1.03,1.02,1.02,1.02
riolindo_RIO002,1.03,1.02,1.02,1.02
riolindo_RIO003,1.0299999999999994,1.0199999999999994,1.0201093805392203,1.0202187610784412
riolindo_RIO003,1.0299999999999998,1.0199999999999998,1.0201075154241435,1.020215030848287
riolindo_RIO004,1.03,1.02,1.0214902298895014,1.022980459779003
riolindo_RIO004,1.03,1.02,1.0213337730313765,1.022667546062753
riolindo_RIO005,1.03,1.02,1.02,1.02
riolindo_RIO005,1.03,1.02,1.02,1.02
riolindo_RIO006,1.03,1.02,1.02,1.02
riolindo_RIO006,1.03,1.02,1.02,1.02
riolindo_RIO007,1.03,1.02,1.0218595902951995,1.0237191805903991
riolindo_RIO007,1.03,1.02,1.0218178600242571,1.0236357200485144
riolindo_RIO008,1.03,1.02,1.02,1.02
riolindo_RIO008,1.03,1.02,1.02,1.02
riolindo_RIO009,1.03,1.02,1.02,1.02
riolindo_RIO009,1.03,1.02,1.02,1.02
shaverlake_SHL001,1.03,1.02,1.02,1.0172666409691902
shaverlake_SHL002,1.03,1.02,1.02,1.0174728929114152
shaverlake_SHL003,1.03,1.02,1.02,1.02
shaverlake_SHL004,1.0300000000000011,1.020000000000001,1.020000000000001,1.0189796972962186
shaverlake_SHL005,1.03,1.02,1.02,1.0156361183196714
shaverlake_SHL006,1.0291801336209117,1.0208198663790893,1.0200000000000005,1.0191801336209116
shaverlake_SHL007,1.03,1.02,1.02,1.02
shaverlake_SHL008,1.0362664714638954,1.0325329429277907,1.0262664714638954,1.0252430321245671
shaverlake_SHL009,1.03,1.02,1.02,1.0158258938618734
shaverlake_SHL010,1.03,1.02,1.02,1.017344578904889
shaverlake_SHL011,1.0289055902181354,1.0228619728599961,1.0205891876927105,1.015033049349804
shaverlake_SHL011,1.0289055902181354,1.0228619728599961,1.0205891876927105,1.015033049349804
shaverlake_SHL012,1.0299999999999996,1.0199999999999996,1.0199999999999996,1.0197824702378322
shaverlake_SHL013,1.0298871422505858,1.0206069880706643,1.0212139761413284,1.0217081064625786
shaverlake_SHL014,1.033739890195164,1.0366588449039797,1.026799578366381,1.023739890195164
shaverlake_SHL014,1.0339513264323985,1.0367855816587142,1.0269123026970375,1.0239513264323985
shaverlake_SHL015,1.03,1.02,1.02,1.0188916287754608
shaverlake_SHL015,1.03,1.02,1.02,1.0188975312212123
shaverlake_SHL016,1.03,1.02,1.02,1.0183295264199788
shaverlake_SHL016,1.03,1.02,1.02,1.0183331078419062
shaverlake_SHL017,1.03,1.026059941686837,1.032119883373674,1.0365192065176052
shaverlake_SHL018,1.0302888684298623,1.020577736859725,1.0202888684298625,1.0169602778707731
shaverlake_SHL018,1.029711131570137,1.0202888684298625,1.0199999999999998,1.0163825410110476
shaverlake_SHL019,1.03,1.02,1.02,1.0118018323901024
shaverlake_SHL020,1.0300000000000002,1.0285873962015644,1.0371747924031287,1.0445740691987075
shaverlake_SHL021,1.03,1.02,1.02,1.0160478161088078
shaverlake_SHL022,1.03,1.02,1.02,1.01
shaverlake_SHL023,1.0236877782037956,1.0263122217962044,1.02,1.01216021595928
shaverlake_SHL024,1.03,1.02,1.02,1.011617154874089
shaverlake_SHL025,1.0302447118908697,1.020489423781739,1.0202447118908695,1.011078776304425
shaverlake_SHL026,1.03,1.02,1.02,1.0175452941855112
slypark_HCP01,1.0279113992722713,1.0220886007277283,1.0206071797614615,1.0167787161418258
slypark_HCP02,1.03,1.02,1.02,1.016666953662637
slypark_HCP03,1.0229110493533746,1.0270889506466254,1.0229110493533746,1.0187331480601238
slypark_HCP04,1.0263511665419491,1.0248251839134204,1.023103100394165,1.0210772898943752
slypark_HCP05,1.02,1.03,1.02,1.01
slypark_HCP06,1.0261332810227999,1.0238667189772002,1.0261332810227999,1.0283998430683998
slypark_HCP07,1.02,1.03,1.02,1.01
slypark_HCP08,1.02,1.03,1.02,1.01
slypark_HCP09,1.0279255256730466,1.0220744743269532,1.0210285210056385,1.0199825676843235
slypark_HCP10,1.0248035337463,1.0251964662536994,1.0204048427072943,1.015613219160889
slypark_HCP11,1.03,1.02,1.0247195144229138,1.0294390288458273
slypark_SPI01,1.0204503142923949,1.0295496857076047,1.0199999999999996,1.0104503142923948
slypark_SPI01,1.020443023749324,1.0295569762506753,1.0199999999999996,1.010443023749324
slypark_SPI02,1.02,1.03,1.02,1.01
slypark_SPI02,1.02,1.03,1.02,1.01
slypark_SPI03,1.0300000000000002,1.02,1.0244092921964878,1.0288185843929756
slypark_SPI03,1.0300000000000011,1.020000000000001,1.0242898007774341,1.0285796015548672
slypark_SPI04,1.03,1.02,1.02,1.015451737528429
slypark_SPI04,1.03,1.02,1.02,1.0152218338858816
slypark_SPI05,1.0299999999999998,1.0199999999999998,1.0199999999999998,1.019094910756903
slypark_SPI05,1.0300000000000002,1.0200000000000002,1.0200000000000002,1.019244304005703
slypark_SPI06,1.029999999999999,1.0199999999999991,1.023098018237202,1.0244466793890117
slypark_SPI06,1.0300000000000011,1.0200000000000011,1.0230021745039424,1.0243710549364269
slypark_SPI07,1.02,1.03,1.02,1.01
slypark_SPI07,1.02,1.03,1.02,1.01
slypark_SPI08,1.02,1.03,1.02,1.01
slypark_SPI08,1.02,1.03,1.02,1.01
slypark_SPI09,1.02,1.03,1.02,1.01
slypark_SPI09,1.02,1.03,1.02,1.01
slypark_SPI10,1.02,1.03,1.02,1.01
slypark_SPI10,1.02,1.03,1.02,1.01
slypark_SPI11,1.0238729718605426,1.026127028139457,1.0203554383531095,1.014583848566762
slypark_SPI11,1.0224146550096858,1.027585344990316,1.0202461128750024,1.0129068807596886
springsfire_SPRINGS01,1.03,1.03,1.04,1.05
springsfire_SPRINGS01,1.03,1.03,1.04,1.05
springsfire_SPRINGS02,1.03,1.03,1.04,1.05
springsfire_SPRINGS02,1.03,1.03,1.04,1.05
springsfire_SPRINGS03,1.03,1.03,1.04,1.05
springsfire_SPRINGS03,1.03,1.03,1.04,1.05
springsfire_SPRINGS04,1.03,1.03,1.04,1.05
springsfire_SPRINGS04,1.03,1.03,1.04,1.05
springsfire_SPRINGS05,1.03,1.03,1.04,1.05
springsfire_SPRINGS05,1.03,1.03,1.04,1.05
springsfire_SPRINGS06,1.02,1.02,1.01,1.05
springsfire_SPRINGS06,1.02,1.02,1.01,1.05
springsfire_SPRINGS07,1.02,1.02,1.01,1.05
springsfire_SPRINGS07,1.02,1.02,1.01,1.05
springsfire_SPRINGS08,1.02531061562917,1.02531061562917,1.0259318468875098,1.05
springsfire_SPRINGS08,1.0250989382837594,1.0250989382837594,1.0252968148512784,1.05
springsfire_SPRINGS09,1.02,1.02,1.01,1.05
springsfire_SPRINGS10,1.0206213279962262,1.0206213279962262,1.0118639839886792,1.0499999999999998
springsfire_SPRINGS10,1.0206050981110049,1.0206050981110049,1.0118152943330132,1.0500000000000007
springsfire_SPRINGS11,1.03,1.03,1.04,1.05
springsfire_SPRINGS11,1.03,1.03,1.04,1.05
springsfire_SPRINGS12,1.03,1.03,1.04,1.05
springsfire_SPRINGS12,1.03,1.03,1.04,1.05
springsfire_SPRINGS13,1.03,1.03,1.04,1.05
springsfire_SPRINGS13,1.03,1.03,1.04,1.05
springsfire_SPRINGS14,1.03,1.03,1.04,1.05
springsfire_SPRINGS14,1.03,1.03,1.04,1.05
springsfire_SPRINGS15,1.0263119644433913,1.0263119644433913,1.028935893330174,1.05
springsfire_SPRINGS15,1.03,1.03,1.04,1.05
springsfire_SPRINGS16,1.03,1.03,1.04,1.05
springsfire_SPRINGS16,1.03,1.03,1.04,1.05
springsfire_SPRINGS17,1.03,1.03,1.04,1.05
springsfire_SPRINGS17,1.03,1.03,1.04,1.05
springsfire_SPRINGS18,1.03,1.03,1.04,1.05
springsfire_SPRINGS18,1.03,1.03,1.04,1.05
springsfire_SPRINGS19,1.03,1.03,1.04,1.05
springsfire_SPRINGS19,1.03,1.03,1.04,1.05
springsfire_SPRINGS20,1.03,1.03,1.04,1.05
springsfire_SPRINGS20,1.03,1.03,1.04,1.05
springsfire_SPRINGS21,1.03,1.03,1.04,1.05
springsfire_SPRINGS21,1.03,1.03,1.04,1.05
springsfire_SPRINGS22,1.03,1.03,1.04,1.05
springsfire_SPRINGS22,1.03,1.03,1.04,1.05
springsfire_SPRINGS23,1.03,1.03,1.04,1.05
springsfire_SPRINGS23,1.03,1.03,1.04,1.05
springsfire_SPRINGS24,1.03,1.03,1.04,1.05
springsfire_SPRINGS24,1.03,1.03,1.04,1.05
springsfire_SPRINGS25,1.03,1.03,1.04,1.05
springsfire_SPRINGS25,1.03,1.03,1.04,1.05
springsfire_SPRINGS26,1.0275114126658718,1.0275114126658718,1.0325342379976155,1.05
springsfire_SPRINGS26,1.026389164829279,1.0263616932073654,1.0291125512440111,1.0499175851342575
springsfire_SPRINGS27,1.0267766211039766,1.0267766211039766,1.03032986331193,1.05
springsfire_SPRINGS27,1.0267109644598182,1.0267109644598182,1.030132893379455,1.05
springsfire_SPRINGS28,1.03,1.03,1.04,1.05
springsfire_SPRINGS28,1.03,1.03,1.04,1.05
springsfire_SPRINGS29,1.03,1.03,1.04,1.05
springsfire_SPRINGS29,1.03,1.03,1.04,1.05
springsfire_SPRINGS30,1.029412393037145,1.029412393037145,1.0382371791114358,1.0499999999999996
springsfire_SPRINGS30,1.0294610414348366,1.0294610414348366,1.0383831243045094,1.0500000000000003
springsfire_SPRINGS37,1.0287237445925996,1.0287237445925996,1.0361712337777986,1.05
springsfire_SPRINGS37,1.0281427801420397,1.0281427801420397,1.0344283404261194,1.0500000000000003
springsfire_SPRINGS38,1.03,1.03,1.04,1.05
springsfire_SPRINGS38,1.03,1.03,1.04,1.05
springsfire_SPRINGS39,1.0284205155472306,1.0284205155472306,1.0352615466416917,1.05
springsfire_SPRINGS39,1.0283711335557761,1.0283711335557761,1.0351134006673282,1.05
springsfire_SPRINGS40,1.0259783082303895,1.0259783082303895,1.0279349246911689,1.05
springsfire_SPRINGS40,1.025374964363067,1.025374964363067,1.0261248930892009,1.0499999999999998
springsfire_SPRINGS41,1.03,1.03,1.04,1.05
springsfire_SPRINGS42,1.03,1.03,1.04,1.05
springsfire_SPRINGS43,1.03,1.03,1.04,1.05
springsfire_SPRINGS44,1.03,1.03,1.04,1.05
springsfire_SPRINGS45,1.03,1.03,1.04,1.05
springsfire_SPRINGS46,1.0278989832543524,1.0278989832543524,1.0336969497630573,1.05
springsfire_SPRINGS47,1.03,1.03,1.04,1.05
springsfire_SPRINGS48,1.03,1.03,1.04,1.05
springsfire_SPRINGS49,1.03,1.03,1.04,1.05
springsfire_SPRINGS50,1.03,1.03,1.04,1.05
springsfire_SPRINGS51,1.03,1.03,1.04,1.05
sugarpinesp_SUGARPINE1,1.03,1.02,1.02,1.0138794219285217
sugarpinesp_SUGARPINE2,1.03,1.0281850724183474,1.0363701448366949,1.044555217255042
valentine_VR1,1.0297783226717099,1.0200000000000002,1.012030847078836,1.0019557595389115
valentine_VR1,1.029772830650995,1.0199999999999998,1.012013824362572,1.0019413764900524
valentine_VR10,1.0300000000000002,1.0200000000000002,1.0114030075894413,1.0005612030357767
valentine_VR10,1.0299999999999998,1.0199999999999998,1.0115709130559745,1.0006283652223897
valentine_VR10N,1.0284787351098632,1.02,1.0142177980003604,1.0092934436508274
valentine_VR10N,1.0269445775676185,1.0200000000000005,1.0144063361508247,1.0170396466222393
valentine_VR11,1.03,1.02,1.0396350992818881,1.0120846173349611
valentine_VR11,1.0300000000000011,1.0200000000000011,1.0489353038812712,1.0155741215525091
valentine_VR11N,1.0297795778262901,1.0200000000000002,1.0100000000000002,1.0011021108685507
valentine_VR11N,1.0300000000000005,1.0200000000000005,1.0115715763228517,1.000628630529141
valentine_VR12,1.0299390943176179,1.0199999999999998,1.017596698704341,1.007901227116251
valentine_VR12,1.0299999999999998,1.02,1.0174170462411893,1.0072241590320585
valentine_VR12N,1.0292368178907796,1.0199999999999998,1.0099999999999998,1.0038159105461009
valentine_VR12N,1.028962783312307,1.02,1.01,1.0051860834384652
valentine_VR13,1.0268915387980133,1.02,1.0168915387980133,1.0224338448079466
valentine_VR13,1.0264771927820486,1.0200000000000002,1.0163463127764727,1.0239603488662308
valentine_VR13N,1.027772743072453,1.0248772178977124,1.027327236866411,1.038217957299573
valentine_VR13N,1.0278302275537765,1.0250106750822896,1.0268392583703112,1.0377094707660117
valentine_VR14,1.03,1.02,1.0192013547221475,1.0092013547221477
valentine_VR14,1.0299999999999998,1.0199999999999998,1.019584757318397,1.009584757318397
valentine_VR14N,1.028404373083229,1.02,1.0116433155683224,1.009621450152177
valentine_VR14N,1.0283479883832258,1.0200000000000011,1.0168243512492334,1.015084409333109
valentine_VR16,1.0292435776967923,1.0259180903261107,1.0310797583490137,1.036698050517274
valentine_VR16,1.0293228457577306,1.0270809585630398,1.0334847628838113,1.0410324512212366
valentine_VR16N,1.0235167791106572,1.02,1.0135167791106574,1.0359328835573707
valentine_VR16N,1.0229630464011676,1.02,1.0129630464011676,1.0381478143953293
valentine_VR19,1.0277638976005954,1.0200000000000005,1.0100528435618321,1.0112333555588577
valentine_VR1N,1.0264250623377618,1.0199999999999994,1.0100373335901878,1.0179120219013766
valentine_VR1N,1.02548820161434,1.0200000000000005,1.0100447289834205,1.022603720911722
valentine_VR2,1.0244850242189991,1.0199999999999991,1.0104285683578889,1.0280034472628892
valentine_VR2,1.0299999999999998,1.02,1.0384255755565475,1.0115477775115513
valentine_VR20,1.0263931460318352,1.02,1.0099999999999998,1.0180342698408245
valentine_VR20,1.0275640246992264,1.02,1.0173160500701923,1.0151062965319444
valentine_VR20N,1.0270168746142314,1.0205674433471472,1.0117023300414425,1.0177528436645797
valentine_VR20N,1.0270815400481446,1.020578168022171,1.012099396096463,1.0176290966821122
valentine_VR21,1.024257689042484,1.0200000000000007,1.010266648104321,1.028978202891905
valentine_VR21,1.0250920479667252,1.019999999999999,1.009999999999999,1.024539760166367
valentine_VR21N,1.0247503790942796,1.0199999999999996,1.0111258450772158,1.0267612547093028
valentine_VR21N,1.0249915214866434,1.02,1.01,1.0250423925667829
valentine_VR22,1.0286910365187754,1.02,1.0134366171829061,1.0099814345890288
valentine_VR22,1.0287512531362575,1.0199999999999991,1.0121998179192646,1.0084435522379716
valentine_VR22N,1.0216473292551491,1.0199999999999998,1.01151970176187,1.0439647764512872
valentine_VR22N,1.0213540203513385,1.0199999999999996,1.010804708374798,1.044839314992902
valentine_VR23,1.0287490691806358,1.02,1.0167746552295596,1.0130293093263814
valentine_VR23,1.0287596902918765,1.02,1.0169862533324612,1.0131878018730778
valentine_VR24,1.0261600446549048,1.0200000000000005,1.0160299545781224,1.0252297313035998
valentine_VR24,1.0279572444770653,1.0199999999999996,1.0177038612422469,1.017917638856919
valentine_VR24N,1.02673474768285,1.02,1.0154109146480106,1.0217574923081143
valentine_VR24N,1.0268039912780973,1.02,1.015425238420085,1.021405282029599
valentine_VR25,1.0263723269809477,1.02,1.0163723269809477,1.0245106920762095
valentine_VR25,1.0262301188542649,1.02,1.0162301188542648,1.0250795245829405
valentine_VR25N,1.0276820401352686,1.021267241202878,1.0197857934414503,1.0239100751708619
valentine_VR25N,1.028383555166324,1.0215592201692854,1.0210341575272779,1.022234822034227
valentine_VR25S,1.0297703393305924,1.023069743109812,1.0259098255502161,1.0231976151168782
valentine_VR25S,1.0298029836509393,1.0226717229988005,1.0251464296485406,1.0214749573914446
valentine_VR26,1.0244181503831895,1.02,1.0144181503831897,1.0323273984672419
valentine_VR26,1.0241396284838438,1.0199999999999991,1.0141396284838438,1.0334414860646202
valentine_VR26N,1.0247767570268187,1.02,1.0147767570268187,1.030892971892725
valentine_VR26N,1.0258353940933376,1.02,1.0158353940933376,1.0266584236266496
valentine_VR26S,1.0266455584203664,1.02,1.0166455584203664,1.0234177663185346
valentine_VR26S,1.03,1.02,1.02,1.01
valentine_VR29,1.0297585847105422,1.0199999999999998,1.0099999999999998,1.0012070764472882
valentine_VR29,1.0291141621862616,1.0200000000000007,1.0100176701183046,1.0044645293053034
valentine_VR2N,1.0289667128918132,1.02,1.012557911503858,1.0077243470447923
valentine_VR2N,1.0299236922724258,1.0200000000000005,1.0171863416019766,1.0046226835154133
valentine_VR3,1.0299999999999998,1.0199999999999998,1.0190373792655654,1.0090373792655651
valentine_VR30,1.03,1.0211323127801049,1.0133969383403145,1.0056615639005244
valentine_VR30,1.0300000000000005,1.020762373022945,1.012287119068834,1.003811865114723
valentine_VR30N,1.0263945787361353,1.0206855734736653,1.0120567204209971,1.02145497368765
valentine_VR30N,1.03,1.0229902905850061,1.0457686578689107,1.0256705673705868
valentine_VR31,1.0267875006201481,1.0199999999999998,1.016787500620148,1.0235834171335807
valentine_VR31,1.0268530063223138,1.0200000000000002,1.0168530063223136,1.0233277676903154
valentine_VR31N,1.0253004087362267,1.0223690803483196,1.0196140675288508,1.0381487927300892
valentine_VR31N,1.0254745653955837,1.0231273599663135,1.0217292853282096,1.041022318321728
valentine_VR33,1.0283324405428405,1.02,1.0183324405428404,1.016670237828638
valentine_VR33,1.0283296667881254,1.02,1.0183296667881256,1.016681332847498
valentine_VR33N,1.0238432426262538,1.0199999999999991,1.0138432426262538,1.0379449727555927
valentine_VR33N,1.0236568970837971,1.0199999999999996,1.0136568970837971,1.0384493725183719
valentine_VR34,1.0250032522490888,1.02,1.0150032522490888,1.0299869910036445
valentine_VR34,1.0257393033645215,1.02,1.0157393033645215,1.027042786541914
valentine_VR35,1.024891809261334,1.0216895899608391,1.0166532707212212,1.03557340433623
valentine_VR35,1.0248236210398192,1.0217056816456487,1.0166111601326187,1.03590441822482
valentine_VR35N,1.0247027601326106,1.0200000000000002,1.0147027601326108,1.0320253305508755
valentine_VR35N,1.0247544775894277,1.020000000000001,1.0147544775894277,1.0315357721678997
valentine_VR3N,1.03,1.02,1.015896000355308,1.0058960003553081
valentine_VR3N,1.029999999999999,1.0199999999999991,1.0165189862803095,1.0065189862803092
valentine_VR4,1.0300000000000002,1.0200000000000005,1.0200000000000005,1.0106291255394304
valentine_VR4,1.0299999999999998,1.0199999999999998,1.0199999999999998,1.010643152769554
valentine_VR40,1.0300000000000002,1.0232173861961815,1.0258143182153512,1.022249090607713
valentine_VR40,1.0300000000000005,1.0230684959307084,1.026104837177135,1.0222418290385509
valentine_VR40E,1.0299999999999998,1.0217578657702242,1.0215586354906276,1.0150743670310765
valentine_VR40E,1.03,1.0218831490182072,1.0212838692297985,1.0150501672662129
valentine_VR43,1.0278942396536028,1.0200000000000011,1.0178942396536026,1.0219375187646997
valentine_VR43,1.026558616929805,1.02,1.016558616929805,1.0261776181473479
valentine_VR44,1.0284640773833813,1.0199999999999994,1.0184301201187997,1.0218609780294985
valentine_VR44,1.0282974122168878,1.02,1.0182974122168877,1.02182743345173
valentine_VR4N,1.0286720176724513,1.0200000000000011,1.018655708218566,1.016289607141939
valentine_VR4N,1.028629759879854,1.0199999999999994,1.0186169602985424,1.0164651265451932
valentine_VR52,1.020463192567835,1.0199999999999998,1.0102640681449224,1.0482121734506693
wilderranch_WIL001,1.03,1.02,1.02,1.02
wilderranch_WIL002,1.03,1.02,1.0203536334058017,1.0207072668116033
wilderranch_WIL003,1.03,1.02,1.0200093003834036,1.0200186007668073
wilderranch_WIL005,1.03,1.02,1.02,1.02
wilderranch_WIL006,1.03,1.02,1.02,1.02
wilderranch_WIL007,1.03,1.02,1.02,1.02
wilderranch_WIL008,1.03,1.02,1.0212979804916666,1.022595960983333
wilderranch_WIL009,1.03,1.02,1.02,1.02
wilderranch_WIL011,1.03,1.02,1.0203287270493124,1.020657454098625
wilderranch_WIL012,1.03,1.02,1.02,1.02
wilderranch_WIL013,1.0300000000000002,1.02,1.0200686393621419,1.0201372787242837
wilderranch_WIL015,1.03,1.02,1.0255663304918272,1.0311326609836544
wilderranch_WIL016,1.03,1.02,1.0222214671502603,1.0244429343005204
wilderranch_WIL017,1.03,1.02,1.0200778285613397,1.0201556571226793
wilderranch_WIL018,1.03,1.02,1.0218924782010772,1.0237849564021546
wilderranch_WIL020,1.03,1.02,1.02,1.02
wilderranch_WIL021,1.03,1.02,1.02,1.02
wilderranch_WIL022,1.03,1.02,1.0229603589675218,1.0259207179350436
wilderranch_WIL023,1.03,1.02,1.0244823420936895,1.028964684187379
wilderranch_WIL024,1.0300000000000002,1.02,1.0237825255630337,1.0275650511260672
